id,user_id,journey_id,created_at,enrolling_times,enrollments_at,last_enrolled_at,study_duration,avg_submission_rating
104582,96989,32,2020-04-11 14:39:00,3,,2020-02-26 17:05:00,44.0,4.5
30951,96989,51,2019-08-10 02:42:00,1,2019-06-20 21:01:59,2019-06-20 21:01:00,50.0,3.0
74313,96989,74,2019-12-23 06:22:00,2,,2019-10-31 09:38:00,52.0,2.67
26219,96989,83,2019-06-20 05:45:00,1,2019-06-14 18:15:40,2019-06-14 18:15:00,5.0,3.0
23887,96989,104,2019-05-18 08:58:00,1,2019-05-10 14:30:08,2019-05-10 14:30:00,7.0,4.0
25646,96989,123,2019-06-15 20:48:00,2,2019-05-18 13:10:20-14:00,2019-06-14 13:10:00,1.0,5.0
964728,96989,144,2022-06-12 22:10:00,1,2022-03-06 11:21:57,2022-03-06 11:21:00,98.0,
115532,96989,145,2020-04-19 19:32:00,2,2020-02-11 11:44:26-03:00,2020-04-03 11:44:00,16.0,
76929,96989,153,2020-01-16 18:30:00,1,2019-12-21 14:55:36,2019-12-21 14:55:00,26.0,2.0
888998,96989,163,2022-04-14 05:46:00,2,2020-07-22 19:35:45-10:00,2022-03-10 19:35:00,34.0,5.0
142096,96989,169,2020-05-07 18:40:00,1,2020-04-22 18:43:38,2020-04-22 18:43:00,14.0,
208936,96989,171,2020-06-26 09:30:00,1,2020-04-14 18:30:06,2020-04-14 18:30:00,72.0,4.0
626494,96989,191,2021-07-25 22:03:00,1,2021-05-15 21:06:52,2021-05-15 21:06:00,71.0,
996788,96989,219,2022-06-27 06:09:00,1,2022-04-14 05:47:52,2022-04-14 05:47:00,74.0,4.0
461796,96989,251,2021-04-29 09:12:00,1,2021-04-11 21:52:15,2021-04-11 21:52:00,17.0,
842568,96989,256,2022-02-26 16:03:00,1,2022-02-18 20:22:30,2022-02-18 20:22:00,7.0,
850798,96989,261,2022-03-06 16:11:00,1,2022-03-05 21:55:22,2022-03-05 21:55:00,0.0,5.0
611190,96989,266,2021-07-20 21:25:00,1,2021-06-16 12:27:22,2021-06-16 12:27:00,34.0,
855798,96989,315,2022-03-10 19:26:00,2,2022-03-07 21:06:47-07:00,2022-03-07 21:06:00,2.0,4.0
891438,96989,337,2022-04-17 14:31:00,1,2022-04-17 13:10:00,2022-04-17 13:10:00,0.0,
850148,96989,342,2022-03-05 21:36:00,1,2022-02-26 15:34:46,2022-02-26 15:34:00,7.0,5.0
1391385,96989,382,2023-01-08 20:23:00,1,2022-11-02 11:17:29,2022-11-02 11:17:00,67.0,
915213,96989,403,2022-05-17 13:23:00,1,2022-05-16 17:17:03,2022-05-16 17:17:00,0.0,4.0
1143185,96989,413,2022-08-26 11:25:00,1,2022-08-18 11:58:10,2022-08-18 11:58:00,7.0,4.5
1411200,96989,418,2023-01-27 09:43:00,1,2022-11-14 12:08:26,2022-11-14 12:08:00,73.0,4.5
2617753,96989,610,2024-03-15 13:57:00,1,2023-12-21 11:22:17,2023-12-21 11:22:00,85.0,5.0
3768632,96989,881,2025-09-28 19:50:00,1,2025-09-27 13:47:36,2025-09-27 13:47:00,1.0,5.0
433180,938276,14,2021-04-13 12:55:00,1,2021-03-09 20:56:40,2021-03-09 20:56:00,34.0,4.0
395152,938276,51,2021-03-06 17:47:00,1,2021-03-01 13:28:31,2021-03-01 13:28:00,5.0,5.0
348771,938276,74,2020-11-19 12:13:00,1,2020-10-03 18:29:37,2020-10-03 18:29:00,46.0,4.33
381397,938276,80,2021-02-24 10:00:00,1,2021-02-16 17:43:35,2021-02-16 17:43:00,7.0,4.0
187377,938276,123,2020-06-09 09:09:00,1,2020-06-02 13:20:57,2020-06-02 13:20:00,6.0,5.0
496904,938276,129,2021-05-24 14:06:00,1,2021-04-14 09:00:08,2021-04-14 09:00:00,40.0,4.33
1302525,938276,133,2022-11-07 03:11:00,1,2022-09-02 16:17:10,2022-09-02 16:17:00,65.0,5.0
259084,938276,163,2020-08-13 21:16:00,2,,2020-07-25 15:50:00,19.0,5.0
535457,938276,165,2021-06-15 18:23:00,1,2021-05-16 04:18:20,2021-05-16 04:18:00,30.0,3.5
384007,938276,169,2021-02-25 20:50:00,1,2021-02-24 09:26:02,2021-02-24 09:26:00,1.0,
645274,938276,219,2021-07-30 07:33:00,1,2021-04-30 10:28:26,2021-04-30 10:28:00,90.0,3.33
3518837,938276,261,2025-03-04 17:12:00,1,2025-02-09 21:22:01,2025-02-09 21:22:00,22.0,5.0
3658586,938276,271,2025-06-05 17:01:00,1,2025-04-28 13:18:41,2025-04-28 13:18:00,38.0,4.0
408737,938276,297,2021-03-21 13:49:00,1,2021-02-20 18:45:13,2021-02-20 18:45:00,28.0,
409162,938276,302,2021-03-22 06:49:00,1,2021-02-20 18:45:04,2021-02-20 18:45:00,29.0,
1165325,938276,337,2022-09-02 15:16:00,1,2022-08-26 15:53:48,2022-08-26 15:53:00,6.0,
2860643,938276,403,2024-07-22 13:45:00,2,2022-05-16 12:53:57-09:00,2024-07-09 12:53:00,13.0,4.0
2896103,938276,413,2024-08-25 10:36:00,1,2024-07-21 14:12:23,2024-07-21 14:12:00,34.0,5.0
2577318,938276,610,2024-03-03 11:54:00,1,2024-02-09 00:08:36,2024-02-09 00:08:00,23.0,5.0
3798194,5021477,251,2025-10-08 13:14:00,1,2025-10-06 09:13:48,2025-10-06 09:13:00,2.0,
3734378,5044844,123,2025-08-30 15:56:00,1,2025-08-08 14:57:36,2025-08-08 14:57:00,22.0,4.0
3809474,5044844,163,2025-10-14 13:13:00,1,2025-08-08 14:57:36,2025-08-08 14:57:00,66.0,4.5
3724145,5044844,237,2025-08-24 22:04:00,1,2025-08-08 14:57:36,2025-08-08 14:57:00,16.0,
3743432,5044844,256,2025-09-09 17:59:00,1,2025-08-08 14:57:36,2025-08-08 14:57:00,32.0,5.0
3722393,5044844,302,2025-08-23 21:26:00,1,2025-08-08 14:57:36,2025-08-08 14:57:00,15.0,
3755753,5044844,315,2025-09-23 10:29:00,1,2025-08-08 14:57:36,2025-08-08 14:57:00,45.0,5.0
3722879,5044844,317,2025-08-24 09:25:00,1,2025-08-08 14:57:36,2025-08-08 14:57:00,15.0,
3831566,5044844,653,2025-10-22 15:04:00,1,2025-08-08 14:57:36,2025-08-08 14:57:00,75.0,
3831702,5051374,86,2025-10-22 15:37:00,1,2025-08-04 14:13:44,2025-08-04 14:13:00,79.0,
3857399,5051374,753,2025-10-31 09:30:00,1,2025-09-12 17:15:13,2025-09-12 17:15:00,48.0,
3857573,5410562,653,2025-10-31 10:29:00,1,2025-10-31 08:17:25,2025-10-31 08:17:00,0.0,
15545,3390,14,2018-08-03 10:32:00,1,2018-05-21 14:31:19,2018-05-21 14:31:00,73.0,3.6
20370,3390,58,2018-12-01 06:43:00,1,2018-11-27 12:57:39,2018-11-27 12:57:00,3.0,3.0
20460,3390,55,2018-12-03 23:33:00,1,2018-10-22 14:15:26,2018-10-22 14:15:00,42.0,3.4
23466,3390,83,2019-05-02 19:56:00,1,2019-03-15 05:56:30,2019-03-15 05:56:00,48.0,4.0
26952,3390,104,2019-06-27 14:49:00,1,2019-05-10 21:49:38,2019-05-10 21:49:00,47.0,4.0
64592,3390,144,2019-11-03 19:01:00,1,2019-10-28 14:56:03,2019-10-28 14:56:00,6.0,
68107,3390,129,2019-11-18 14:45:00,1,2019-09-19 14:38:39,2019-09-19 14:38:00,60.0,3.33
80850,3390,47,2020-02-17 13:39:00,1,2019-11-28 12:39:12,2019-11-28 12:39:00,81.0,2.25
88213,3390,86,2020-03-18 06:45:00,2,2019-08-02 17:12:57-13:00,2020-03-13 17:12:00,4.0,
88245,3390,68,2020-03-18 08:17:00,2,2019-08-02 06:50:01-18:00,2020-03-18 06:50:00,0.0,
100033,3390,135,2020-04-07 18:01:00,1,2020-03-18 08:25:54,2020-03-18 08:25:00,20.0,4.0
132027,3390,177,2020-05-01 23:01:00,1,2020-05-01 11:13:52,2020-05-01 11:13:00,0.0,
141941,3390,184,2020-05-07 16:09:00,1,2020-05-02 08:24:41,2020-05-02 08:24:00,5.0,4.5
151461,3390,145,2020-05-13 20:03:00,1,2020-05-09 15:43:17,2020-05-09 15:43:00,4.0,
187261,3390,171,2020-06-09 08:34:00,1,2020-05-13 21:58:38,2020-05-13 21:58:00,26.0,5.0
249794,3390,123,2020-08-03 14:18:00,1,2020-07-22 07:45:44,2020-07-22 07:45:00,12.0,4.0
274353,3390,163,2020-09-03 11:45:00,1,2020-07-27 12:12:14,2020-07-27 12:12:00,37.0,5.0
288735,3390,185,2020-09-26 10:33:00,1,2020-08-06 09:52:10,2020-08-06 09:52:00,51.0,4.2
357806,3390,169,2020-12-25 15:43:00,1,2020-12-23 13:41:06,2020-12-23 13:41:00,2.0,
358971,3390,191,2020-12-29 17:19:00,1,2020-12-23 14:05:23,2020-12-23 14:05:00,6.0,
412360,3390,251,2021-03-27 15:12:00,1,2021-03-17 09:00:12,2021-03-17 09:00:00,10.0,
415955,3390,307,2021-04-01 17:31:00,1,2021-04-01 12:30:58,2021-04-01 12:30:00,0.0,
465789,3390,256,2021-05-02 23:30:00,1,2021-04-28 08:43:03,2021-04-28 08:43:00,4.0,
579672,3390,261,2021-07-08 17:06:00,1,2021-06-10 17:03:18,2021-06-10 17:03:00,28.0,4.0
590115,3390,266,2021-07-13 12:52:00,1,2021-07-04 21:48:07,2021-07-04 21:48:00,8.0,
630709,3390,60,2021-07-26 21:42:00,2,,2021-07-25 19:59:00,1.0,
630809,3390,317,2021-07-26 22:24:00,1,2021-07-25 16:33:19,2021-07-25 16:33:00,1.0,
725492,3390,219,2021-10-21 08:33:00,3,2021-01-09 06:44:08-05:00,2021-08-05 06:44:00,77.0,3.0
731392,3390,120,2021-10-29 20:00:00,2,,2021-10-27 12:49:00,2.0,
732652,3390,159,2021-11-01 13:27:00,1,2020-12-24 21:31:26,2020-12-24 21:31:00,311.0,4.0
737972,3390,302,2021-11-08 21:33:00,1,2021-11-06 18:09:29,2021-11-06 18:09:00,2.0,
747377,3390,297,2021-11-23 21:26:00,1,2021-11-09 18:00:30,2021-11-09 18:00:00,14.0,
748372,3390,292,2021-11-25 09:27:00,1,2021-11-23 21:57:28,2021-11-23 21:57:00,1.0,
750922,3390,237,2021-11-29 12:58:00,1,2021-11-03 22:20:18,2021-11-03 22:20:00,25.0,
975273,3390,382,2022-06-17 10:41:00,1,2022-06-14 18:49:00,2022-06-14 18:49:00,2.0,
1156895,3390,337,2022-08-31 10:37:00,1,2022-08-26 18:28:38,2022-08-26 18:28:00,4.0,
1362855,3390,315,2022-12-16 20:24:00,1,2021-11-03 22:04:38,2021-11-03 22:04:00,407.0,5.0
1371465,3390,403,2022-12-25 13:19:00,1,2022-12-24 13:56:36,2022-12-24 13:56:00,0.0,5.0
1376800,3390,387,2022-12-29 13:40:00,1,2022-06-14 18:49:00,2022-06-14 18:49:00,197.0,5.0
1582515,3390,80,2023-03-28 12:34:00,1,2021-11-09 18:01:23,2021-11-09 18:01:00,503.0,4.0
1587330,3390,413,2023-03-30 17:05:00,1,2022-12-25 08:50:29,2022-12-25 08:50:00,95.0,4.5
1610705,3390,570,2023-04-13 14:38:00,1,2023-04-04 19:53:46,2023-04-04 19:53:00,8.0,
1899973,3390,271,2023-08-20 15:45:00,3,2021-08-06 09:30:20-04:00,2023-07-04 09:30:00,47.0,4.33
2324553,3390,276,2023-11-30 14:31:00,3,2022-01-09 08:39:31-05:00,2023-09-05 08:39:00,86.0,3.0
3191418,3390,615,2024-11-13 14:02:00,1,2024-11-11 09:07:57,2024-11-11 09:07:00,2.0,
3202043,3390,600,2024-11-17 10:29:00,1,2024-11-11 09:07:57,2024-11-11 09:07:00,6.0,
3368683,3390,653,2025-01-11 10:16:00,1,2024-11-11 09:07:57,2024-11-11 09:07:00,61.0,
3385322,3390,319,2025-01-18 18:09:00,2,,2024-09-30 16:05:00,110.0,4.0
3389821,3390,555,2025-01-21 11:54:00,1,2024-11-11 09:07:57,2024-11-11 09:07:00,71.0,4.0
3604122,3390,852,2025-04-29 21:24:00,1,2025-04-29 13:27:26,2025-04-29 13:27:00,0.0,
3619622,3390,590,2025-05-10 11:13:00,2,2025-02-02 16:43:59-10:00,2025-02-10 16:43:00,88.0,4.0
3627713,3390,862,2025-05-16 16:57:00,1,2025-05-15 15:56:12,2025-05-15 15:56:00,1.0,
3628892,3390,867,2025-05-17 10:48:00,1,2025-05-15 15:56:12,2025-05-15 15:56:00,1.0,
3651335,3390,753,2025-05-31 16:09:00,1,2025-05-28 16:42:16,2025-05-28 16:42:00,2.0,
3654011,3390,713,2025-06-02 13:46:00,1,2025-04-16 17:37:42,2025-04-16 17:37:00,46.0,3.0
79890,5774,144,2020-02-09 00:11:00,1,2019-10-28 18:10:07,2019-10-28 18:10:00,103.0,
483149,5774,307,2021-05-16 13:14:00,1,2021-04-20 13:16:29,2021-04-20 13:16:00,25.0,
493539,5774,251,2021-05-22 01:30:00,1,2021-03-15 21:10:58,2021-03-15 21:10:00,67.0,
544032,5774,266,2021-06-20 14:10:00,1,2021-06-10 17:48:33,2021-06-10 17:48:00,9.0,
921348,5774,337,2022-05-25 09:50:00,1,2022-05-16 11:57:47,2022-05-16 11:57:00,8.0,
926713,5774,382,2022-05-29 06:49:00,1,2022-05-27 21:42:05,2022-05-27 21:42:00,1.0,
1612825,5774,387,2023-04-14 20:47:00,1,2022-05-27 21:42:05,2022-05-27 21:42:00,321.0,3.0
2169098,5774,177,2023-10-21 20:49:00,2,2023-06-27 22:06:30-18:00,2023-09-18 22:06:00,32.0,
2263643,5774,86,2023-11-16 09:53:00,4,2019-07-17 11:32:16-15:00,2021-09-15 11:32:00,791.0,
3105263,5774,615,2024-10-19 20:57:00,1,2024-09-15 08:18:26,2024-09-15 08:18:00,34.0,
3105448,5774,600,2024-10-19 21:48:00,1,2024-09-15 08:18:26,2024-09-15 08:18:00,34.0,
3107908,5774,653,2024-10-20 21:58:00,1,2024-09-15 08:18:26,2024-09-15 08:18:00,35.0,
3432058,5774,237,2025-02-12 11:48:00,1,2025-02-10 16:44:04,2025-02-10 16:44:00,1.0,
3444398,5774,302,2025-02-14 22:21:00,1,2025-02-10 16:44:04,2025-02-10 16:44:00,4.0,
3445798,5774,317,2025-02-15 07:08:00,1,2025-02-10 16:44:04,2025-02-10 16:44:00,4.0,
3620186,5774,852,2025-05-10 19:41:00,1,2025-04-29 13:26:59,2025-04-29 13:26:00,11.0,
3621845,5774,862,2025-05-12 08:46:00,1,2025-05-10 09:31:18,2025-05-10 09:31:00,1.0,
3622067,5774,867,2025-05-12 12:23:00,1,2025-05-10 09:31:18,2025-05-10 09:31:00,2.0,
3650228,5774,753,2025-05-30 22:44:00,1,2025-05-29 07:14:27,2025-05-29 07:14:00,1.0,
3824717,5774,902,2025-10-19 20:13:00,1,2025-10-19 18:37:32,2025-10-19 18:37:00,0.0,
3824945,5774,899,2025-10-19 21:47:00,1,2025-10-19 18:37:32,2025-10-19 18:37:00,0.0,
82254,11836,144,2020-02-25 08:50:00,1,2019-09-28 16:45:45,2019-09-28 16:45:00,149.0,
95923,11836,86,2020-04-01 14:59:00,2,2020-02-07 17:04:12-16:00,2020-03-16 17:04:00,15.0,
272889,11836,123,2020-09-01 11:03:00,5,2019-08-12 22:39:12-20:00,2020-07-20 22:39:00,42.0,5.0
285609,11836,177,2020-09-22 02:21:00,4,,2020-08-26 18:24:00,26.0,
321542,11836,68,2020-10-25 00:19:00,2,2020-02-28 23:24:11-05:00,2020-10-05 23:24:00,19.0,
321977,11836,169,2020-10-25 13:44:00,9,,2020-10-25 00:37:00,0.0,
329171,11836,184,2020-10-29 14:54:00,1,2020-10-05 23:25:24,2020-10-05 23:25:00,23.0,4.0
399183,11836,191,2021-03-11 00:25:00,3,,2020-12-25 15:03:00,75.0,
508773,11836,251,2021-05-31 16:57:00,3,2021-03-11 22:46:28-14:00,2021-04-14 22:46:00,46.0,
509471,11836,256,2021-05-31 22:34:00,1,2021-04-06 15:25:42,2021-04-06 15:25:00,55.0,
512191,11836,261,2021-06-02 14:08:00,1,2021-04-06 15:26:29,2021-04-06 15:26:00,56.0,5.0
691852,11836,120,2021-09-09 17:18:00,3,2020-02-28 17:06:58-09:00,2021-09-09 17:06:00,0.0,
712332,11836,80,2021-10-05 11:20:00,4,2020-04-03 12:26:05-04:00,2021-10-04 12:26:00,0.0,4.0
895873,11836,159,2022-04-22 20:25:00,3,2020-12-25 10:51:53-16:00,2022-03-16 10:51:00,37.0,4.0
1522655,11836,51,2023-03-07 20:43:00,2,,2020-12-25 14:52:00,802.0,4.0
1565240,11836,237,2023-03-22 16:23:00,2,2021-02-17 10:03:02-19:00,2021-03-19 10:03:00,733.0,
1565330,11836,302,2023-03-22 16:56:00,1,2021-02-21 23:23:06,2021-02-21 23:23:00,758.0,
1565400,11836,317,2023-03-22 17:29:00,1,2023-02-16 13:43:32,2023-02-16 13:43:00,34.0,
1594305,11836,145,2023-04-04 04:55:00,3,,2020-12-25 15:01:00,829.0,
1599790,11836,14,2023-04-06 20:04:00,2,2020-12-25 12:26:20-04:00,2021-10-04 12:26:00,549.0,4.0
1702400,11836,445,2023-05-26 14:09:00,1,2023-02-20 12:38:51,2023-02-20 12:38:00,95.0,4.0
1704305,11836,335,2023-05-27 09:04:00,1,2023-02-20 12:38:51,2023-02-20 12:38:00,95.0,3.0
1720085,11836,352,2023-06-01 11:26:00,1,2023-02-20 12:38:51,2023-02-20 12:38:00,100.0,4.0
3558367,11836,653,2025-04-04 11:41:00,1,2024-10-09 10:06:16,2024-10-09 10:06:00,177.0,
3609942,11836,852,2025-05-02 23:43:00,1,2025-04-29 13:27:01,2025-04-29 13:27:00,3.0,
3633092,11836,862,2025-05-19 19:16:00,1,2025-05-19 18:44:40,2025-05-19 18:44:00,0.0,
3633416,11836,867,2025-05-19 22:10:00,1,2025-05-19 18:56:09,2025-05-19 18:56:00,0.0,
3660887,11836,753,2025-06-08 02:08:00,1,2025-05-28 15:54:23,2025-05-28 15:54:00,10.0,
3688685,11836,60,2025-07-04 13:37:00,1,2025-07-04 13:33:18,2025-07-04 13:33:00,0.0,
3849134,11836,905,2025-10-28 19:38:00,1,2025-10-28 19:33:20,2025-10-28 19:33:00,0.0,
19152,17833,14,2018-11-07 09:58:00,1,2018-10-22 13:07:01,2018-10-22 13:07:00,15.0,3.6
22136,17833,55,2019-01-22 14:19:00,1,2018-12-07 17:26:30,2018-12-07 17:26:00,45.0,3.4
22273,17833,74,2019-01-29 10:26:00,1,2019-01-15 08:02:29,2019-01-15 08:02:00,14.0,4.0
23564,17833,83,2019-05-07 14:56:00,1,2019-03-14 16:11:48,2019-03-14 16:11:00,53.0,4.5
24258,17833,51,2019-05-24 13:51:00,1,2019-05-24 08:51:23,2019-05-24 08:51:00,0.0,5.0
26748,17833,104,2019-06-25 09:12:00,1,2019-05-10 09:18:11,2019-05-10 09:18:00,45.0,3.0
266139,17833,80,2020-08-21 13:12:00,1,2020-01-31 05:47:45,2020-01-31 05:47:00,203.0,5.0
266544,17833,169,2020-08-21 18:31:00,2,2020-07-14 06:23:55-11:00,2020-08-11 06:23:00,10.0,
279794,17833,177,2020-09-13 14:08:00,1,2020-09-10 11:05:22,2020-09-10 11:05:00,3.0,
299112,17833,86,2020-10-07 11:13:00,1,2020-10-05 15:55:31,2020-10-05 15:55:00,1.0,
322522,17833,184,2020-10-25 21:38:00,1,2020-10-06 22:27:35,2020-10-06 22:27:00,18.0,4.0
339170,17833,171,2020-11-04 13:34:00,1,2020-10-30 17:05:25,2020-10-30 17:05:00,4.0,5.0
346626,17833,129,2020-11-13 10:34:00,2,2019-06-28 10:45:24-06:00,2019-11-06 10:45:00,372.0,3.67
414243,17833,251,2021-03-30 11:44:00,1,2021-03-16 07:32:13,2021-03-16 07:32:00,14.0,
417540,17833,256,2021-04-03 16:54:00,1,2021-04-01 17:29:57,2021-04-01 17:29:00,1.0,5.0
578107,17833,261,2021-07-07 22:05:00,1,2021-06-10 21:11:08,2021-06-10 21:11:00,27.0,5.0
586307,17833,219,2021-07-12 06:42:00,1,2021-04-28 11:26:29,2021-04-28 11:26:00,74.0,4.0
603655,17833,266,2021-07-18 12:54:00,1,2021-06-23 07:44:04,2021-06-23 07:44:00,25.0,
642539,17833,317,2021-07-29 10:50:00,1,2021-07-19 08:32:05,2021-07-19 08:32:00,10.0,
646039,17833,60,2021-07-30 14:43:00,2,,2021-07-29 18:33:00,0.0,
646069,17833,120,2021-07-30 14:58:00,2,,2021-07-30 14:46:00,0.0,
667872,17833,271,2021-08-20 19:22:00,1,2021-08-09 07:42:42,2021-08-09 07:42:00,11.0,5.0
799967,17833,276,2022-02-10 14:03:00,1,2021-11-13 06:08:24,2021-11-13 06:08:00,89.0,5.0
839563,17833,315,2022-02-24 10:47:00,1,2022-01-20 07:34:24,2022-01-20 07:34:00,35.0,5.0
1002263,17833,302,2022-06-29 14:33:00,1,2022-04-05 08:41:20,2022-04-05 08:41:00,85.0,
1002403,17833,297,2022-06-29 15:21:00,1,2022-04-14 09:39:43,2022-04-14 09:39:00,76.0,
1005098,17833,123,2022-06-30 12:43:00,3,,2022-05-27 08:46:00,34.0,5.0
1245600,17833,382,2022-10-16 08:53:00,1,2022-10-07 13:15:00,2022-10-07 13:15:00,8.0,
1288190,17833,387,2022-10-29 17:36:00,1,2022-10-07 13:15:00,2022-10-07 13:15:00,22.0,5.0
1551720,17833,570,2023-03-17 21:27:00,1,2023-03-08 07:55:42,2023-03-08 07:55:00,9.0,
1765240,17833,423,2023-07-06 19:48:00,1,2023-06-02 16:22:36,2023-06-02 16:22:00,34.0,5.0
2043953,17833,428,2023-09-23 23:21:00,1,2023-06-02 16:19:01,2023-06-02 16:19:00,113.0,2.0
2371968,17833,433,2023-12-17 15:13:00,1,2023-09-27 17:59:04,2023-09-27 17:59:00,80.0,5.0
2636370,17833,620,2024-03-25 15:57:00,1,2024-01-07 14:23:16,2024-01-07 14:23:00,78.0,
2639422,17833,615,2024-03-27 11:21:00,1,2024-01-30 13:33:14,2024-01-30 13:33:00,56.0,
2898848,17833,185,2024-08-27 13:58:00,1,2024-07-02 11:23:15,2024-07-02 11:23:00,56.0,4.0
3052608,17833,653,2024-10-04 09:59:00,1,2024-09-13 15:02:40,2024-09-13 15:02:00,20.0,
3080538,17833,191,2024-10-10 17:36:00,2,2022-08-15 15:02:40-13:00,2024-09-13 15:02:00,27.0,
3094688,17833,159,2024-10-15 17:23:00,2,2022-08-15 15:02:40-13:00,2024-09-13 15:02:00,32.0,5.0
3621785,17833,852,2025-05-12 06:30:00,1,2025-04-29 13:19:50,2025-04-29 13:19:00,12.0,
3736082,17833,163,2025-09-01 20:52:00,1,2025-07-07 18:33:40,2025-07-07 18:33:00,56.0,5.0
1461,32258,6,2016-08-19 00:47:00,1,2016-07-29 15:00:41,2016-07-29 15:00:00,20.0,0.0
1620,32258,12,2016-08-29 22:41:00,1,2016-08-01 12:41:30,2016-08-01 12:41:00,28.0,0.0
1961,32258,2,2016-09-16 11:35:00,1,2016-08-21 08:48:35,2016-08-21 08:48:00,26.0,0.0
2024,32258,5,2016-09-18 13:56:00,1,2016-08-30 06:25:47,2016-08-30 06:25:00,19.0,0.0
15894,32258,72,2018-08-28 14:47:00,1,2018-08-25 22:02:28,2018-08-25 22:02:00,2.0,4.0
17740,32258,32,2018-10-10 13:54:00,2,,2018-09-30 14:18:00,9.0,3.0
25249,32258,51,2019-06-11 21:29:00,1,2019-06-11 08:11:40,2019-06-11 08:11:00,0.0,4.0
26599,32258,83,2019-06-23 01:35:00,1,2019-06-14 18:05:24,2019-06-14 18:05:00,8.0,3.5
28028,32258,80,2019-07-15 14:37:00,1,2019-07-09 23:05:27,2019-07-09 23:05:00,5.0,4.0
30326,32258,14,2019-08-07 13:11:00,1,2019-06-21 18:17:40,2019-06-21 18:17:00,46.0,4.8
45680,32258,123,2019-09-17 05:29:00,4,2019-05-25 21:10:37-06:00,2019-09-06 21:10:00,10.0,3.0
49484,32258,144,2019-09-29 08:15:00,1,2019-09-28 01:00:34,2019-09-28 01:00:00,1.0,
73936,32258,153,2019-12-19 11:17:00,1,2019-12-18 20:39:28,2019-12-18 20:39:00,0.0,1.0
75884,32258,55,2020-01-06 11:41:00,1,2019-11-01 19:51:41,2019-11-01 19:51:00,65.0,3.8
91052,32258,145,2020-03-23 02:38:00,3,2020-02-11 20:48:12-21:00,2020-03-21 20:48:00,1.0,
103202,32258,169,2020-04-10 12:43:00,1,2020-04-07 10:57:41,2020-04-07 10:57:00,3.0,
103942,32258,135,2020-04-10 22:08:00,1,2020-03-19 10:16:13,2020-03-19 10:16:00,22.0,3.0
113092,32258,86,2020-04-17 19:12:00,2,2019-07-16 19:58:48-02:00,2020-04-02 19:58:00,14.0,
148366,32258,177,2020-05-12 00:29:00,1,2020-05-01 14:15:14,2020-05-01 14:15:00,10.0,
212539,32258,184,2020-06-30 05:33:00,1,2020-05-01 21:55:17,2020-05-01 21:55:00,59.0,5.0
216501,32258,191,2020-07-04 10:50:00,1,2020-06-09 14:54:45,2020-06-09 14:54:00,24.0,
252604,32258,163,2020-08-06 11:30:00,2,2020-03-19 09:52:56-21:00,2020-07-21 09:52:00,16.0,4.0
271769,32258,185,2020-08-30 23:47:00,1,2020-08-06 18:53:06,2020-08-06 18:53:00,24.0,4.0
290587,32258,68,2020-09-29 08:30:00,2,,2020-09-29 07:40:00,0.0,
334246,32258,129,2020-11-02 10:02:00,2,,2020-09-29 07:39:00,34.0,3.67
361761,32258,165,2021-01-05 08:57:00,1,2020-10-05 17:35:36,2020-10-05 17:35:00,91.0,4.5
378217,32258,292,2021-02-21 22:57:00,1,2021-02-15 11:25:58,2021-02-15 11:25:00,6.0,
378382,32258,302,2021-02-22 04:39:00,1,2021-02-21 10:52:24,2021-02-21 10:52:00,0.0,
384087,32258,297,2021-02-25 22:12:00,1,2021-02-21 10:52:30,2021-02-21 10:52:00,4.0,
384177,32258,237,2021-02-25 23:22:00,1,2021-02-15 11:25:54,2021-02-15 11:25:00,10.0,
408322,32258,251,2021-03-20 17:38:00,1,2021-03-15 13:03:44,2021-03-15 13:03:00,5.0,
417410,32258,256,2021-04-03 14:14:00,1,2021-04-01 10:13:59,2021-04-01 10:13:00,2.0,
444838,32258,261,2021-04-18 09:18:00,1,2021-04-08 20:27:08,2021-04-08 20:27:00,9.0,5.0
457372,32258,307,2021-04-25 16:53:00,1,2021-04-21 13:58:25,2021-04-21 13:58:00,4.0,
460603,32258,313,2021-04-28 09:58:00,1,2021-04-10 03:08:13,2021-04-10 03:08:00,18.0,5.0
472166,32258,266,2021-05-08 00:33:00,1,2021-05-01 08:41:48,2021-05-01 08:41:00,6.0,
491270,32258,159,2021-05-20 13:19:00,2,2020-10-05 00:29:53-14:00,2021-05-14 00:29:00,6.0,5.0
505016,32258,60,2021-05-29 15:49:00,2,,2021-05-29 15:49:00,0.0,
505771,32258,120,2021-05-30 06:55:00,2,,2021-05-29 15:49:00,0.0,
594870,32258,219,2021-07-15 09:56:00,2,,2021-04-28 11:48:00,77.0,3.0
602660,32258,271,2021-07-17 23:04:00,1,2021-06-03 06:54:35,2021-06-03 06:54:00,44.0,5.0
607970,32258,317,2021-07-19 16:58:00,1,2021-07-19 09:55:08,2021-07-19 09:55:00,0.0,
684892,32258,276,2021-09-02 11:48:00,1,2021-08-15 20:39:25,2021-08-15 20:39:00,17.0,5.0
706867,32258,315,2021-09-28 06:34:00,1,2021-09-12 14:06:10,2021-09-12 14:06:00,15.0,4.0
776687,32258,337,2022-01-06 14:57:00,1,2022-01-03 09:54:11,2022-01-03 09:54:00,3.0,
777102,32258,342,2022-01-07 08:37:00,1,2022-01-05 11:29:48,2022-01-05 11:29:00,1.0,5.0
861148,32258,133,2022-03-15 11:57:00,1,2020-09-29 08:00:45,2020-09-29 08:00:00,532.0,4.5
907153,32258,171,2022-05-06 19:21:00,2,2020-05-31 10:09:44-15:00,2020-10-15 10:09:00,568.0,4.0
1417210,32258,445,2023-02-01 09:04:00,2,2022-10-31 17:20:41-18:00,2022-11-18 17:20:00,74.0,4.0
1479685,32258,382,2023-02-23 21:52:00,2,,2023-01-26 14:30:00,28.0,
1494000,32258,570,2023-02-27 01:55:00,1,2023-02-23 02:53:00,2023-02-23 02:53:00,3.0,
1522425,32258,387,2023-03-07 19:08:00,2,,2023-01-26 14:30:00,40.0,5.0
1547170,32258,352,2023-03-16 14:33:00,1,2022-03-25 17:26:04,2022-03-25 17:26:00,355.0,4.5
1559130,32258,510,2023-03-20 02:59:00,1,2023-02-02 02:18:37,2023-02-02 02:18:00,46.0,5.0
1564385,32258,327,2023-03-22 10:45:00,1,2022-10-02 21:10:52,2022-10-02 21:10:00,170.0,
1566610,32258,520,2023-03-23 10:07:00,1,2023-03-19 16:42:45,2023-03-19 16:42:00,3.0,5.0
1671485,32258,600,2023-05-15 17:01:00,1,2023-05-15 14:50:59,2023-05-15 14:50:00,0.0,
1680025,32258,202,2023-05-18 20:38:00,1,2021-01-05 09:24:39,2021-01-05 09:24:00,863.0,4.0
2018183,32258,605,2023-09-19 00:15:00,2,2023-07-10 00:04:42-14:00,2023-08-14 00:04:00,36.0,
2233943,32258,615,2023-11-08 01:28:00,1,2023-09-04 13:50:01,2023-09-04 13:50:00,64.0,
2537013,32258,403,2024-02-20 16:45:00,1,2022-05-17 14:03:52,2022-05-17 14:03:00,644.0,5.0
2576423,32258,580,2024-03-02 22:42:00,1,2023-12-27 00:26:08,2023-12-27 00:26:00,66.0,
2576598,32258,620,2024-03-03 01:18:00,2,2023-11-08 14:37:33-11:00,2024-01-11 14:37:00,51.0,
2654617,32258,653,2024-04-02 20:41:00,1,2024-01-24 17:02:34,2024-01-24 17:02:00,69.0,
2683187,32258,413,2024-04-19 21:52:00,1,2024-02-20 21:11:52,2024-02-20 21:11:00,59.0,4.0
3380258,32258,663,2025-01-15 12:04:00,1,2024-01-29 14:23:18,2024-01-29 14:23:00,351.0,5.0
3603752,32258,852,2025-04-29 18:24:00,1,2025-04-29 13:28:17,2025-04-29 13:28:00,0.0,
3872654,32258,905,2025-11-07 08:10:00,1,2025-11-07 08:05:35,2025-11-07 08:05:00,0.0,
24655,102556,51,2019-05-29 23:24:00,1,2019-05-24 08:47:25,2019-05-24 08:47:00,5.0,5.0
27636,102556,80,2019-07-08 18:36:00,1,2019-06-28 09:00:19,2019-06-28 09:00:00,10.0,5.0
147926,102556,86,2020-05-11 17:43:00,2,2019-07-16 13:37:10-11:00,2020-05-11 13:37:00,0.0,
269505,102556,123,2020-08-26 11:38:00,2,2019-06-03 19:07:51-20:00,2020-07-20 19:07:00,36.0,5.0
285344,102556,169,2020-09-21 16:15:00,2,2020-05-11 08:09:24-10:00,2020-09-10 08:09:00,11.0,
309972,102556,177,2020-10-15 09:34:00,2,2020-05-08 08:34:31-15:00,2020-10-15 08:34:00,0.0,
376067,102556,302,2021-02-20 13:35:00,1,2021-02-20 08:20:17,2021-02-20 08:20:00,0.0,
407007,102556,297,2021-03-18 11:37:00,1,2021-02-20 08:20:29,2021-02-20 08:20:00,26.0,
416565,102556,251,2021-04-02 12:08:00,1,2021-03-15 13:10:15,2021-03-15 13:10:00,17.0,
448423,102556,307,2021-04-19 20:58:00,1,2021-04-19 10:52:46,2021-04-19 10:52:00,0.0,
596705,102556,266,2021-07-15 20:06:00,1,2021-06-10 20:51:29,2021-06-10 20:51:00,34.0,
831293,102556,315,2022-02-20 23:23:00,1,2022-01-14 16:10:24,2022-01-14 16:10:00,37.0,5.0
940088,102556,256,2022-06-02 15:26:00,1,2022-05-31 13:07:30,2022-05-31 13:07:00,2.0,5.0
1067870,102556,403,2022-07-26 14:27:00,1,2022-05-31 13:07:30,2022-05-31 13:07:00,56.0,5.0
1178795,102556,120,2022-09-05 16:25:00,2,2020-09-28 16:17:24-05:00,2022-09-05 16:17:00,0.0,
1359730,102556,261,2022-12-14 09:36:00,1,2022-10-09 07:39:40,2022-10-09 07:39:00,66.0,5.0
1411060,102556,382,2023-01-27 06:37:00,1,2023-01-26 13:26:52,2023-01-26 13:26:00,0.0,
1412255,102556,387,2023-01-28 06:14:00,1,2023-01-26 13:26:52,2023-01-26 13:26:00,1.0,5.0
1499625,102556,60,2023-02-28 15:24:00,4,,2023-02-28 15:14:00,0.0,
1548000,102556,570,2023-03-16 19:16:00,1,2023-03-08 09:08:27,2023-03-08 09:08:00,8.0,
1559690,102556,14,2023-03-20 11:03:00,1,2017-10-26 12:44:54,2017-10-26 12:44:00,,3.75
1621490,102556,352,2023-04-21 14:38:00,1,2023-02-20 15:34:18,2023-02-20 15:34:00,59.0,3.5
1683800,102556,600,2023-05-20 08:12:00,1,2023-05-15 19:24:37,2023-05-15 19:24:00,4.0,
1704350,102556,445,2023-05-27 09:38:00,1,2023-02-20 15:34:18,2023-02-20 15:34:00,95.0,3.0
1708380,102556,335,2023-05-28 18:29:00,1,2023-02-20 15:34:18,2023-02-20 15:34:00,97.0,3.0
1726225,102556,423,2023-06-05 13:50:00,1,2023-06-02 22:54:56,2023-06-02 22:54:00,2.0,5.0
1745685,102556,428,2023-06-22 15:40:00,1,2023-06-02 20:32:38,2023-06-02 20:32:00,19.0,5.0
2060958,102556,433,2023-09-27 13:14:00,1,2023-09-05 16:05:59,2023-09-05 16:05:00,21.0,5.0
2364303,102556,605,2023-12-14 08:55:00,1,2023-12-11 15:01:33,2023-12-11 15:01:00,2.0,
2437128,102556,620,2024-01-09 01:16:00,1,2024-01-08 16:07:00,2024-01-08 16:07:00,0.0,
2676452,102556,610,2024-04-16 16:20:00,1,2023-12-05 08:46:55,2023-12-05 08:46:00,133.0,5.0
2680462,102556,615,2024-04-18 17:31:00,1,2023-12-29 11:54:49,2023-12-29 11:54:00,111.0,
2680852,102556,317,2024-04-18 21:24:00,1,2023-02-07 18:42:36,2023-02-07 18:42:00,436.0,
2681867,102556,237,2024-04-19 11:58:00,1,2023-01-07 23:25:13,2023-01-07 23:25:00,467.0,
2683992,102556,191,2024-04-20 11:25:00,2,2020-06-09 00:18:25-14:00,2024-04-14 00:18:00,6.0,5.0
2710037,102556,271,2024-05-03 07:51:00,1,2023-01-24 16:18:36,2023-01-24 16:18:00,464.0,5.0
2861358,102556,163,2024-07-23 00:21:00,2,2020-07-20 23:30:45-20:00,2024-04-20 23:30:00,93.0,5.0
2869618,102556,413,2024-08-01 10:35:00,1,2022-08-30 06:28:11,2022-08-30 06:28:00,702.0,5.0
2882303,102556,276,2024-08-13 22:51:00,1,2024-04-23 16:24:50,2024-04-23 16:24:00,112.0,4.5
2888548,102556,337,2024-08-19 13:08:00,2,2024-04-19 15:14:35-06:00,2024-08-06 15:14:00,12.0,
2898653,102556,165,2024-08-27 10:45:00,1,2022-02-21 08:33:04,2022-02-21 08:33:00,918.0,3.5
2977303,102556,653,2024-09-18 14:05:00,2,2024-05-07 12:06:07-13:00,2024-09-13 12:06:00,5.0,
3219003,102556,219,2024-11-22 10:48:00,2,,2024-09-27 19:42:00,55.0,3.67
3279993,102556,159,2024-12-11 12:12:00,2,2022-03-15 15:47:43-23:00,2024-04-23 15:47:00,231.0,5.0
3301783,102556,342,2024-12-18 21:01:00,1,2023-05-17 10:45:41,2023-05-17 10:45:00,581.0,5.0
3354048,102556,195,2025-01-02 21:36:00,1,2024-05-11 21:53:21,2024-05-11 21:53:00,235.0,4.0
3625109,102556,852,2025-05-14 18:44:00,1,2025-04-29 13:26:54,2025-04-29 13:26:00,15.0,
3631361,102556,743,2025-05-18 21:06:00,1,2025-01-13 18:12:41,2025-01-13 18:12:00,125.0,5.0
3709529,102556,788,2025-08-13 10:19:00,1,2025-07-29 10:11:28,2025-07-29 10:11:00,15.0,4.5
3746837,102556,708,2025-09-11 22:06:00,1,2025-02-24 08:35:37,2025-02-24 08:35:00,199.0,4.0
3764381,102556,418,2025-09-27 10:32:00,1,2023-01-07 23:19:10,2023-01-07 23:19:00,993.0,3.0
24550,110119,83,2019-05-28 10:22:00,1,2019-04-07 22:12:23,2019-04-07 22:12:00,50.0,3.5
25030,110119,104,2019-06-07 19:01:00,1,2019-05-10 21:20:29,2019-05-10 21:20:00,27.0,3.0
25291,110119,51,2019-06-12 08:44:00,1,2019-05-18 09:52:07,2019-05-18 09:52:00,24.0,4.0
27976,110119,123,2019-07-14 22:03:00,2,,2019-06-26 08:49:00,18.0,3.0
55135,110119,144,2019-10-14 13:31:00,2,,2019-09-28 08:18:00,16.0,
77594,110119,153,2020-01-21 22:16:00,1,2019-12-27 13:22:56,2019-12-27 13:22:00,25.0,3.0
114422,110119,86,2020-04-18 20:45:00,2,2019-09-20 11:22:01-20:00,2020-03-20 11:22:00,29.0,
443895,110119,251,2021-04-17 20:16:00,1,2021-03-19 19:49:59,2021-03-19 19:49:00,29.0,
495415,110119,307,2021-05-23 21:26:00,1,2021-04-24 19:02:26,2021-04-24 19:02:00,29.0,
608765,110119,266,2021-07-19 22:05:00,1,2021-06-15 15:28:38,2021-06-15 15:28:00,34.0,
951188,110119,382,2022-06-06 18:45:00,1,2022-06-04 22:56:55,2022-06-04 22:56:00,1.0,
1176855,110119,387,2022-09-05 09:33:00,1,2022-06-04 22:56:55,2022-06-04 22:56:00,92.0,3.0
1386455,110119,256,2023-01-05 15:10:00,2,2021-04-11 15:30:19-15:00,2021-06-15 15:30:00,568.0,
2326013,110119,600,2023-11-30 17:18:00,1,2023-09-12 10:07:26,2023-09-12 10:07:00,79.0,
2390338,110119,615,2023-12-23 11:15:00,1,2023-09-12 10:07:26,2023-09-12 10:07:00,102.0,
3378863,110119,653,2025-01-14 19:25:00,1,2024-09-13 14:10:19,2024-09-13 14:10:00,123.0,
3660041,110119,862,2025-06-07 09:39:00,1,2025-05-24 00:57:37,2025-05-24 00:57:00,14.0,
3660833,110119,867,2025-06-07 23:54:00,1,2025-05-24 00:57:37,2025-05-24 00:57:00,14.0,
3713819,110119,852,2025-08-18 17:32:00,1,2025-04-29 13:26:38,2025-04-29 13:26:00,111.0,
3843569,110119,905,2025-10-26 22:55:00,1,2025-10-23 22:10:58,2025-10-23 22:10:00,3.0,
8817,113842,16,2017-09-28 22:55:00,1,2017-07-05 22:50:19,2017-07-05 22:50:00,85.0,1.67
9006,113842,39,2017-10-03 15:38:00,1,2017-09-30 01:20:14,2017-09-30 01:20:00,3.0,2.75
24007,113842,51,2019-05-20 07:28:00,2,2018-08-30 08:37:40-17:00,2019-05-17 08:37:00,2.0,5.0
29642,113842,80,2019-08-04 21:06:00,1,2019-07-11 12:40:15,2019-07-11 12:40:00,24.0,5.0
40705,113842,123,2019-09-01 22:11:00,2,,2019-08-27 19:38:00,5.0,4.0
43539,113842,14,2019-09-09 14:14:00,1,2019-06-22 12:51:09,2019-06-22 12:51:00,79.0,4.4
53201,113842,144,2019-10-09 16:25:00,1,2019-09-28 05:46:49,2019-09-28 05:46:00,11.0,
68534,113842,129,2019-11-20 09:33:00,2,2019-09-10 07:46:44-17:00,2019-09-17 07:46:00,64.0,3.0
73057,113842,55,2019-12-12 10:59:00,2,,2019-10-29 14:58:00,43.0,3.2
108387,113842,169,2020-04-14 12:57:00,1,2020-04-11 10:33:36,2020-04-11 10:33:00,3.0,
343996,113842,86,2020-11-08 22:43:00,2,2020-10-05 22:28:48-08:00,2020-11-08 22:28:00,0.0,
344501,113842,191,2020-11-09 11:22:00,1,2020-10-19 14:14:39,2020-10-19 14:14:00,20.0,
397022,113842,297,2021-03-08 22:43:00,1,2021-02-20 11:49:55,2021-02-20 11:49:00,16.0,
397042,113842,302,2021-03-08 23:46:00,1,2021-02-20 11:43:44,2021-02-20 11:43:00,16.0,
419805,113842,251,2021-04-06 08:29:00,1,2021-03-15 15:44:12,2021-03-15 15:44:00,21.0,
435080,113842,256,2021-04-14 04:17:00,1,2021-04-06 15:02:03,2021-04-06 15:02:00,7.0,
476812,113842,261,2021-05-11 12:35:00,1,2021-04-12 07:58:55,2021-04-12 07:58:00,29.0,5.0
486878,113842,307,2021-05-18 10:00:00,1,2021-04-23 15:45:28,2021-04-23 15:45:00,24.0,
511097,113842,266,2021-06-02 07:31:00,1,2021-05-14 06:17:02,2021-05-14 06:17:00,19.0,
514618,113842,159,2021-06-04 00:51:00,2,2020-11-09 13:59:37-09:00,2021-05-09 13:59:00,25.0,5.0
649722,113842,60,2021-08-02 12:45:00,2,2018-12-13 11:35:35-02:00,2021-08-02 11:35:00,0.0,
671062,113842,271,2021-08-24 11:10:00,1,2021-06-08 11:00:11,2021-06-08 11:00:00,77.0,4.33
793057,113842,317,2022-02-08 14:37:00,2,2021-07-22 18:05:48-07:00,2022-02-07 18:05:00,0.0,
816013,113842,237,2022-02-14 17:35:00,1,2022-02-07 21:34:38,2022-02-07 21:34:00,6.0,
892893,113842,335,2022-04-19 11:52:00,1,2022-03-25 15:17:09,2022-03-25 15:17:00,24.0,5.0
906208,113842,352,2022-05-05 16:12:00,1,2022-04-04 11:07:14,2022-04-04 11:07:00,31.0,3.5
1020703,113842,292,2022-07-06 19:03:00,1,2022-07-05 16:34:09,2022-07-05 16:34:00,1.0,
1246400,113842,315,2022-10-16 14:13:00,1,2022-09-10 09:04:40,2022-09-10 09:04:00,36.0,4.0
1372250,113842,445,2022-12-26 09:22:00,1,2022-11-18 20:05:16,2022-11-18 20:05:00,37.0,5.0
2438983,113842,195,2024-01-11 06:55:00,1,2023-12-11 22:43:20,2023-12-11 22:43:00,30.0,5.0
2638235,113842,480,2024-03-26 16:46:00,1,2024-02-07 12:11:26,2024-02-07 12:11:00,48.0,4.0
14642,153116,68,2018-06-07 14:39:00,1,2018-06-07 14:25:17,2018-06-07 14:25:00,0.0,
24174,153116,51,2019-05-23 09:25:00,1,2019-05-21 14:14:04,2019-05-21 14:14:00,1.0,3.0
47985,153116,123,2019-09-25 00:17:00,2,,2019-09-24 07:30:00,0.0,1.0
75958,153116,153,2020-01-07 08:39:00,1,2019-12-17 22:16:55,2019-12-17 22:16:00,20.0,2.0
98744,153116,86,2020-04-05 19:54:00,2,2019-11-18 11:10:25-05:00,2020-04-05 11:10:00,0.0,
101427,153116,169,2020-04-08 21:12:00,1,2020-04-07 17:09:51,2020-04-07 17:09:00,1.0,
131147,153116,177,2020-05-01 15:32:00,1,2020-05-01 14:13:05,2020-05-01 14:13:00,0.0,
148266,153116,184,2020-05-11 22:37:00,1,2020-05-04 18:53:05,2020-05-04 18:53:00,7.0,4.5
198201,153116,191,2020-06-15 21:46:00,1,2020-06-09 10:08:11,2020-06-09 10:08:00,6.0,
201296,153116,135,2020-06-18 00:07:00,1,2020-06-11 15:32:40,2020-06-11 15:32:00,6.0,4.0
249784,153116,80,2020-08-03 14:17:00,1,2020-07-30 11:14:33,2020-07-30 11:14:00,4.0,3.0
367407,153116,150,2021-01-28 04:06:00,1,2020-12-28 23:35:51,2020-12-28 23:35:00,30.0,4.0
371447,153116,292,2021-02-15 11:06:00,1,2021-02-15 10:08:48,2021-02-15 10:08:00,0.0,
436085,153116,251,2021-04-14 11:45:00,1,2021-03-15 14:59:15,2021-03-15 14:59:00,29.0,
589970,153116,266,2021-07-13 11:27:00,1,2021-06-13 18:49:00,2021-06-13 18:49:00,29.0,
949958,153116,256,2022-06-06 14:25:00,1,2022-05-27 21:21:07,2022-05-27 21:21:00,9.0,
2266928,153116,615,2023-11-17 08:39:00,1,2023-09-16 10:35:41,2023-09-16 10:35:00,61.0,
2276498,153116,600,2023-11-20 06:29:00,1,2023-09-16 10:35:41,2023-09-16 10:35:00,64.0,
3464233,153116,653,2025-02-17 10:55:00,1,2024-10-30 11:01:54,2024-10-30 11:01:00,109.0,
3464308,153116,302,2025-02-17 11:22:00,1,2025-02-10 16:47:57,2025-02-10 16:47:00,6.0,
3464783,153116,237,2025-02-17 13:55:00,1,2021-02-15 10:14:11,2021-02-15 10:14:00,,
3464923,153116,317,2025-02-17 14:24:00,1,2025-02-10 16:47:57,2025-02-10 16:47:00,6.0,
3528677,153116,555,2025-03-09 22:52:00,1,2023-09-16 10:35:41,2023-09-16 10:35:00,540.0,3.0
3609107,153116,852,2025-05-02 14:26:00,1,2025-04-29 13:27:11,2025-04-29 13:27:00,3.0,
3648515,153116,319,2025-05-29 23:21:00,1,2025-02-10 16:47:57,2025-02-10 16:47:00,108.0,4.5
3664397,153116,185,2025-06-11 10:29:00,1,2025-02-10 16:47:57,2025-02-10 16:47:00,120.0,4.0
165516,433737,123,2020-05-23 04:31:00,3,2019-07-19 08:15:23-21:00,2020-05-21 08:15:00,1.0,4.0
684932,433737,60,2021-09-02 12:00:00,2,2019-07-19 14:59:30-12:00,2021-08-12 14:59:00,20.0,
878953,433737,292,2022-04-02 18:13:00,1,2022-04-02 08:41:52,2022-04-02 08:41:00,0.0,
1090200,433737,237,2022-08-05 11:45:00,1,2022-08-01 11:57:25,2022-08-01 11:57:00,3.0,
1094990,433737,302,2022-08-07 15:09:00,1,2022-08-01 11:57:25,2022-08-01 11:57:00,6.0,
1111260,433737,317,2022-08-14 09:30:00,1,2022-08-01 11:57:25,2022-08-01 11:57:00,12.0,
1176640,433737,315,2022-09-05 09:11:00,1,2021-07-03 21:16:17,2021-07-03 21:16:00,428.0,3.0
1205365,433737,163,2022-09-27 08:21:00,2,2020-05-21 14:59:04-21:00,2020-07-21 14:59:00,797.0,3.0
1275985,433737,256,2022-10-25 16:37:00,1,2022-04-02 08:41:11,2022-04-02 08:41:00,206.0,
1331635,433737,261,2022-11-24 16:08:00,1,2022-10-14 17:01:01,2022-10-14 17:01:00,40.0,4.0
1340210,433737,219,2022-11-29 17:02:00,1,2022-08-15 17:24:59,2022-08-15 17:24:00,105.0,2.67
1536755,433737,342,2023-03-12 17:42:00,7,2023-02-22 14:52:00-10:00,2023-03-10 14:52:00,2.0,3.0
1633160,433737,133,2023-04-30 16:18:00,1,2023-03-10 14:52:00,2023-03-10 14:52:00,51.0,5.0
1674525,433737,600,2023-05-16 16:21:00,1,2023-05-15 18:24:49,2023-05-15 18:24:00,0.0,
1726235,433737,382,2023-06-05 13:54:00,1,2023-06-05 12:39:13,2023-06-05 12:39:00,0.0,
1985373,433737,615,2023-09-13 07:37:00,1,2023-09-11 11:43:10,2023-09-11 11:43:00,1.0,
1991133,433737,86,2023-09-14 06:54:00,1,2023-09-11 11:43:10,2023-09-11 11:43:00,2.0,
2455193,433737,177,2024-01-26 18:18:00,2,2020-05-26 20:20:33-10:00,2020-08-10 20:20:00,,
3152233,433737,653,2024-11-03 14:12:00,1,2024-11-03 13:16:41,2024-11-03 13:16:00,0.0,
3315188,433737,403,2024-12-22 17:22:00,1,2024-11-03 13:16:41,2024-11-03 13:16:00,49.0,3.0
3492843,433737,570,2025-02-23 11:12:00,1,2025-02-21 16:27:39,2025-02-21 16:27:00,1.0,
3530767,433737,697,2025-03-11 10:40:00,1,2025-02-21 16:43:57,2025-02-21 16:43:00,17.0,5.0
3530877,433737,337,2025-03-11 12:06:00,2,2024-08-06 16:50:46-21:00,2025-02-21 16:50:00,17.0,
3530927,433737,120,2025-03-11 12:35:00,4,2020-05-26 12:24:31-11:00,2025-03-11 12:24:00,0.0,
3558557,433737,251,2025-04-04 16:06:00,3,2021-08-13 12:13:36-08:00,2025-03-08 12:13:00,27.0,
3558572,433737,266,2025-04-04 16:14:00,1,2023-05-01 11:06:15,2023-05-01 11:06:00,704.0,
3612437,433737,169,2025-05-04 15:38:00,4,2020-05-26 09:39:19-02:00,2025-05-02 09:39:00,2.0,
3617555,433737,862,2025-05-08 11:20:00,1,2025-05-08 10:57:35,2025-05-08 10:57:00,0.0,
3617573,433737,852,2025-05-08 11:26:00,1,2025-04-29 13:29:08,2025-04-29 13:29:00,8.0,
3617600,433737,867,2025-05-08 11:52:00,1,2025-05-08 10:57:35,2025-05-08 10:57:00,0.0,
3618008,433737,580,2025-05-08 16:24:00,1,2025-02-22 13:00:11,2025-02-22 13:00:00,75.0,
3618050,433737,605,2025-05-08 16:49:00,4,2023-07-10 16:38:19-08:00,2025-05-08 16:38:00,0.0,
3656939,433737,753,2025-06-04 16:11:00,1,2025-06-04 15:19:23,2025-06-04 15:19:00,0.0,
3689972,433737,191,2025-07-07 11:48:00,1,2023-02-15 20:31:13,2023-02-15 20:31:00,872.0,4.0
3694238,433737,159,2025-07-13 14:33:00,2,2025-07-07 08:50:40-22:00,2025-07-07 15:40:00,5.0,3.0
3704780,433737,195,2025-08-05 17:14:00,2,2025-07-07 12:58:21-22:00,2025-07-07 15:40:00,29.0,4.0
3748481,433737,758,2025-09-14 15:52:00,2,2025-07-07 09:51:31-09:00,2025-07-07 15:40:00,69.0,3.0
3822248,433737,902,2025-10-18 17:12:00,1,2025-10-17 16:06:41,2025-10-17 16:06:00,1.0,
3822299,433737,899,2025-10-18 17:30:00,1,2025-10-17 16:06:41,2025-10-17 16:06:00,1.0,
3843233,433737,413,2025-10-26 20:11:00,2,2025-10-22 17:26:26-21:00,2025-10-22 16:10:00,4.0,4.5
59956,494342,51,2019-10-24 19:29:00,1,2019-10-08 15:22:56,2019-10-08 15:22:00,16.0,3.0
64620,494342,123,2019-11-04 07:01:00,2,,2019-10-26 20:44:00,8.0,5.0
67380,494342,80,2019-11-14 19:40:00,1,2019-11-08 20:58:07,2019-11-08 20:58:00,5.0,4.0
72675,494342,144,2019-12-09 20:42:00,1,2019-11-29 17:49:12,2019-11-29 17:49:00,10.0,
78744,494342,32,2020-02-03 17:27:00,1,2020-01-23 15:53:05,2020-01-23 15:53:00,11.0,4.0
250894,494342,169,2020-08-04 10:54:00,1,2020-07-23 23:05:19,2020-07-23 23:05:00,11.0,
259174,494342,191,2020-08-14 00:30:00,1,2020-08-05 08:04:54,2020-08-05 08:04:00,8.0,5.0
279214,494342,177,2020-09-12 00:00:00,1,2020-08-22 22:40:50,2020-08-22 22:40:00,20.0,
299680,494342,86,2020-10-07 18:20:00,3,2019-09-11 16:01:48-05:00,2020-10-05 16:01:00,2.0,
300007,494342,68,2020-10-07 23:21:00,2,2019-11-10 16:01:17-05:00,2020-10-05 16:01:00,2.0,
317047,494342,184,2020-10-21 07:07:00,1,2020-10-05 16:02:16,2020-10-05 16:02:00,15.0,5.0
354976,494342,14,2020-12-14 11:51:00,2,2019-11-08 17:42:19-01:00,2020-10-01 17:42:00,73.0,4.67
373762,494342,292,2021-02-17 14:30:00,1,2021-02-15 08:39:37,2021-02-15 08:39:00,2.0,
374342,494342,129,2021-02-18 09:42:00,2,,2020-12-31 14:43:00,48.0,4.33
374797,494342,237,2021-02-18 18:45:00,1,2021-02-15 08:39:12,2021-02-15 08:39:00,3.0,
381893,494342,302,2021-02-24 14:23:00,1,2021-02-20 12:21:15,2021-02-20 12:21:00,4.0,
384997,494342,297,2021-02-26 14:12:00,1,2021-02-20 12:21:25,2021-02-20 12:21:00,6.0,
416075,494342,251,2021-04-01 19:58:00,1,2021-03-15 12:29:12,2021-03-15 12:29:00,17.0,
417580,494342,256,2021-04-03 18:02:00,1,2021-04-01 10:00:44,2021-04-01 10:00:00,2.0,
459266,494342,261,2021-04-27 07:37:00,1,2021-04-16 17:44:10,2021-04-16 17:44:00,10.0,5.0
495303,494342,159,2021-05-23 20:16:00,1,2021-05-10 12:38:41,2021-05-10 12:38:00,13.0,5.0
570832,494342,266,2021-07-04 15:15:00,1,2021-06-18 15:51:15,2021-06-18 15:51:00,15.0,
626869,494342,317,2021-07-25 23:51:00,1,2021-07-19 12:52:17,2021-07-19 12:52:00,6.0,
682427,494342,195,2021-08-31 08:50:00,1,2021-08-04 12:04:03,2021-08-04 12:04:00,26.0,4.4
741197,494342,199,2021-11-13 09:20:00,1,2021-10-08 18:56:37,2021-10-08 18:56:00,35.0,4.0
764217,494342,337,2021-12-19 22:42:00,1,2021-12-17 23:49:24,2021-12-17 23:49:00,1.0,
774227,494342,60,2022-01-03 15:39:00,3,2019-08-30 15:16:38-03:00,2022-01-03 15:16:00,0.0,
788057,494342,342,2022-01-29 09:03:00,1,2021-12-19 22:44:40,2021-12-19 22:44:00,40.0,5.0
790157,494342,165,2022-02-03 13:52:00,1,2021-12-19 16:07:58,2021-12-19 16:07:00,45.0,3.0
798262,494342,133,2022-02-10 00:14:00,1,2019-11-10 15:55:29,2019-11-10 15:55:00,822.0,4.5
926688,494342,315,2022-05-29 06:22:00,1,2022-05-27 15:11:37,2022-05-27 15:11:00,1.0,4.0
949748,494342,403,2022-06-06 13:11:00,1,2022-05-27 15:11:37,2022-05-27 15:11:00,9.0,4.0
1293135,494342,382,2022-11-01 14:14:00,1,2022-10-10 14:23:03,2022-10-10 14:23:00,21.0,
1298465,494342,387,2022-11-04 08:04:00,1,2022-10-10 14:23:03,2022-10-10 14:23:00,24.0,5.0
1315505,494342,352,2022-11-14 15:39:00,1,2022-09-07 11:45:43,2022-09-07 11:45:00,68.0,4.0
1358690,494342,445,2022-12-13 15:01:00,1,2022-11-18 10:31:32,2022-11-18 10:31:00,25.0,4.0
1798900,494342,570,2023-07-25 00:12:00,1,2023-07-20 00:15:04,2023-07-20 00:15:00,4.0,
1800810,494342,600,2023-07-25 19:59:00,1,2023-07-20 00:15:04,2023-07-20 00:15:00,5.0,
2417348,494342,185,2023-12-29 08:27:00,1,2023-12-06 16:05:06,2023-12-06 16:05:00,22.0,5.0
2595728,494342,319,2024-03-07 07:06:00,1,2024-02-06 20:27:32,2024-02-06 20:27:00,29.0,5.0
2977043,494342,653,2024-09-18 13:29:00,1,2024-09-14 11:34:15,2024-09-14 11:34:00,4.0,
3645143,494342,862,2025-05-27 20:05:00,2,,2025-05-25 11:26:00,2.0,
3671207,494342,867,2025-06-17 14:42:00,1,2025-05-10 10:12:59,2025-05-10 10:12:00,38.0,
3684242,494342,753,2025-06-29 08:13:00,1,2025-06-20 22:10:11,2025-06-20 22:10:00,8.0,
3739727,494342,758,2025-09-05 09:18:00,1,2025-07-07 15:40:21,2025-07-07 15:40:00,59.0,4.0
3823442,494342,852,2025-10-19 08:44:00,1,2025-10-15 09:07:56,2025-10-15 09:07:00,3.0,
51099,496740,144,2019-10-02 23:57:00,1,2019-09-28 13:08:31,2019-09-28 13:08:00,4.0,
264178,496740,123,2020-08-19 13:50:00,3,,2020-07-25 08:00:00,25.0,5.0
286719,496740,191,2020-09-23 15:19:00,1,2020-08-28 17:26:53,2020-08-28 17:26:00,25.0,4.0
303557,496740,68,2020-10-10 16:38:00,3,2019-09-28 22:42:47-05:00,2020-10-05 22:42:00,4.0,
311582,496740,86,2020-10-16 09:41:00,3,2020-03-14 22:41:54-05:00,2020-10-05 22:41:00,10.0,
312592,496740,177,2020-10-16 22:26:00,1,2020-09-22 10:00:01,2020-09-22 10:00:00,24.0,
375602,496740,237,2021-02-19 20:06:00,1,2021-02-16 11:32:39,2021-02-16 11:32:00,3.0,
375722,496740,292,2021-02-19 23:58:00,1,2021-02-17 00:12:53,2021-02-17 00:12:00,2.0,
379332,496740,169,2021-02-22 22:07:00,2,2020-07-11 00:12:03-20:00,2021-02-20 00:12:00,2.0,
379437,496740,302,2021-02-23 00:09:00,1,2021-02-20 10:25:47,2021-02-20 10:25:00,2.0,
382522,496740,297,2021-02-25 01:16:00,1,2021-02-20 21:04:43,2021-02-20 21:04:00,4.0,
770907,496740,80,2021-12-29 10:26:00,2,2019-09-27 09:55:52-23:00,2021-11-23 09:55:00,36.0,4.0
784352,496740,315,2022-01-21 07:25:00,1,2022-01-16 18:19:09,2022-01-16 18:19:00,4.0,5.0
1187260,496740,256,2022-09-12 17:47:00,1,2022-09-10 13:03:12,2022-09-10 13:03:00,2.0,5.0
1258185,496740,261,2022-10-20 04:56:00,1,2022-10-07 12:54:30,2022-10-07 12:54:00,12.0,5.0
1260495,496740,251,2022-10-20 21:33:00,2,,2021-12-30 20:47:00,294.0,
1304750,496740,60,2022-11-08 10:22:00,2,,2022-10-24 19:46:00,14.0,
1305825,496740,120,2022-11-08 20:37:00,2,,2022-10-25 16:43:00,14.0,
1428520,496740,266,2023-02-12 12:04:00,1,2022-12-15 15:16:03,2022-12-15 15:16:00,58.0,
1647645,496740,271,2023-05-07 15:58:00,1,2022-12-15 15:16:03,2022-12-15 15:16:00,143.0,3.67
1660280,496740,382,2023-05-11 12:42:00,1,2023-03-15 16:07:55,2023-03-15 16:07:00,56.0,
1676500,496740,600,2023-05-17 12:29:00,1,2023-05-15 10:11:54,2023-05-15 10:11:00,2.0,
1700845,496740,317,2023-05-25 23:20:00,1,2023-05-25 12:55:56,2023-05-25 12:55:00,0.0,
1703120,496740,403,2023-05-26 19:11:00,1,2023-05-24 22:05:43,2023-05-24 22:05:00,1.0,5.0
1728870,496740,413,2023-06-07 06:03:00,1,2023-05-26 00:28:39,2023-05-26 00:28:00,12.0,5.0
1737560,496740,159,2023-06-14 16:28:00,1,2023-05-26 17:22:43,2023-05-26 17:22:00,18.0,4.0
1806135,496740,605,2023-07-27 20:48:00,1,2023-07-10 09:59:51,2023-07-10 09:59:00,17.0,
1857018,496740,570,2023-08-13 23:02:00,2,2023-05-25 18:15:05-17:00,2023-07-17 18:15:00,27.0,
1915138,496740,276,2023-08-22 21:32:00,1,2023-05-17 12:01:26,2023-05-17 12:01:00,97.0,5.0
1965173,496740,418,2023-09-07 08:29:00,1,2023-05-27 22:35:24,2023-05-27 22:35:00,102.0,4.5
1968418,496740,163,2023-09-08 12:28:00,4,,2023-08-27 06:56:00,12.0,4.33
1973283,496740,337,2023-09-10 12:15:00,1,2023-09-10 05:58:15,2023-09-10 05:58:00,0.0,
1974093,496740,387,2023-09-10 18:57:00,2,2023-03-15 17:31:03-22:00,2023-08-22 17:31:00,19.0,4.0
2893748,496740,610,2024-08-23 01:48:00,1,2023-12-04 11:55:07,2023-12-04 11:55:00,262.0,5.0
2894018,496740,342,2024-08-23 11:03:00,1,2023-09-10 11:54:24,2023-09-10 11:54:00,347.0,5.0
2894048,496740,145,2024-08-23 11:37:00,1,2024-08-17 23:25:09,2024-08-17 23:25:00,5.0,
2894238,496740,615,2024-08-23 14:56:00,1,2023-09-08 17:58:33,2023-09-08 17:58:00,349.0,
2894383,496740,580,2024-08-23 17:29:00,1,2024-05-05 22:43:26,2024-05-05 22:43:00,109.0,
2894673,496740,653,2024-08-23 21:28:00,1,2024-08-23 21:06:31,2024-08-23 21:06:00,0.0,
2898068,496740,51,2024-08-26 20:47:00,2,2019-09-27 05:32:06-09:00,2020-03-09 05:32:00,,5.0
2900488,496740,184,2024-08-28 21:06:00,3,2020-05-10 19:04:52-22:00,2024-08-22 19:04:00,6.0,5.0
3237063,496740,14,2024-11-26 23:34:00,2,2019-09-27 14:22:14-09:00,2024-09-09 14:22:00,78.0,3.0
3303813,496740,663,2024-12-19 13:21:00,2,2024-08-31 14:22:14-09:00,2024-09-09 14:22:00,100.0,3.0
3352728,496740,352,2025-01-02 08:25:00,1,2024-09-09 14:22:14,2024-09-09 14:22:00,114.0,4.0
3608822,496740,852,2025-05-02 10:56:00,1,2025-04-29 13:24:04,2025-04-29 13:24:00,2.0,
3641768,496740,862,2025-05-25 15:57:00,1,2025-05-25 15:24:48,2025-05-25 15:24:00,0.0,
3658670,496740,423,2025-06-05 18:10:00,1,2023-09-10 13:06:04,2023-09-10 13:06:00,634.0,3.5
3661943,496740,867,2025-06-09 01:03:00,1,2025-05-25 15:24:48,2025-05-25 15:24:00,14.0,
3662330,496740,433,2025-06-09 13:35:00,1,2023-09-10 13:11:03,2023-09-10 13:11:00,638.0,2.67
61175,518124,51,2019-10-25 21:43:00,1,2019-09-15 11:47:45,2019-09-15 11:47:00,40.0,5.0
69148,518124,144,2019-11-22 22:19:00,1,2019-10-28 11:54:57,2019-10-28 11:54:00,25.0,
76729,518124,153,2020-01-15 00:30:00,1,2019-12-15 19:54:23,2019-12-15 19:54:00,30.0,2.0
96545,518124,32,2020-04-02 13:48:00,1,2020-02-26 10:46:57,2020-02-26 10:46:00,36.0,5.0
97463,518124,135,2020-04-03 12:02:00,1,2020-03-16 14:08:28,2020-03-16 14:08:00,17.0,3.0
99243,518124,123,2020-04-06 14:41:00,1,2020-04-03 12:14:48,2020-04-03 12:14:00,3.0,4.0
309197,518124,86,2020-10-14 14:59:00,2,2020-01-26 16:15:42-05:00,2020-10-05 16:15:00,8.0,
351756,518124,169,2020-11-29 22:17:00,1,2020-11-15 13:30:26,2020-11-15 13:30:00,14.0,
353786,518124,177,2020-12-08 23:05:00,1,2020-11-15 14:38:15,2020-11-15 14:38:00,23.0,
362056,518124,191,2021-01-05 21:41:00,1,2021-01-05 11:58:38,2021-01-05 11:58:00,0.0,
364056,518124,80,2021-01-13 14:26:00,1,2020-12-14 21:24:50,2020-12-14 21:24:00,29.0,4.0
370717,518124,184,2021-02-12 21:51:00,1,2021-02-01 06:53:31,2021-02-01 06:53:00,11.0,4.0
375267,518124,237,2021-02-19 11:09:00,1,2021-02-15 08:53:51,2021-02-15 08:53:00,4.0,
375672,518124,292,2021-02-19 21:59:00,1,2021-02-15 08:53:57,2021-02-15 08:53:00,4.0,
400217,518124,302,2021-03-11 21:08:00,1,2021-02-20 09:46:52,2021-02-20 09:46:00,19.0,
401207,518124,297,2021-03-12 17:26:00,1,2021-02-20 09:46:57,2021-02-20 09:46:00,20.0,
433603,518124,14,2021-04-13 15:01:00,1,2020-12-14 11:04:16,2020-12-14 11:04:00,120.0,5.0
437453,518124,251,2021-04-14 19:31:00,1,2021-03-16 19:43:06,2021-03-16 19:43:00,28.0,
464713,518124,145,2021-05-01 22:49:00,1,2021-04-21 03:40:25,2021-04-21 03:40:00,10.0,
465439,518124,68,2021-05-02 17:02:00,1,2021-05-01 22:57:09,2021-05-01 22:57:00,0.0,
467463,518124,307,2021-05-04 10:41:00,1,2021-04-21 03:38:38,2021-04-21 03:38:00,13.0,
471479,518124,256,2021-05-07 13:50:00,1,2021-04-09 13:04:56,2021-04-09 13:04:00,28.0,
475045,518124,261,2021-05-10 11:34:00,1,2021-04-09 13:05:13,2021-04-09 13:05:00,30.0,5.0
540162,518124,266,2021-06-17 23:11:00,1,2021-05-15 09:42:25,2021-05-15 09:42:00,33.0,
568007,518124,60,2021-07-02 18:36:00,2,2019-09-15 18:10:39-02:00,2021-07-02 18:10:00,0.0,
568042,518124,120,2021-07-02 19:12:00,2,2020-10-15 18:14:22-02:00,2021-07-02 18:14:00,0.0,
572497,518124,313,2021-07-05 09:40:00,3,2021-05-01 22:06:31-01:00,2021-07-01 22:06:00,3.0,3.0
667357,518124,315,2021-08-20 08:38:00,1,2021-05-01 22:53:04,2021-05-01 22:53:00,110.0,4.0
667582,518124,163,2021-08-20 12:30:00,2,2020-04-03 03:39:34-21:00,2021-04-21 03:39:00,121.0,3.0
669372,518124,317,2021-08-22 16:35:00,1,2021-07-19 09:30:31,2021-07-19 09:30:00,34.0,
1015493,518124,159,2022-07-05 15:25:00,2,2021-05-01 10:38:17-08:00,2021-05-08 10:38:00,423.0,2.0
1305995,518124,185,2022-11-08 22:38:00,2,2021-08-19 18:42:58-15:00,2022-08-15 18:42:00,85.0,4.33
1354650,518124,319,2022-12-10 08:58:00,1,2022-08-15 18:42:58,2022-08-15 18:42:00,116.0,5.0
1355550,518124,327,2022-12-11 02:57:00,1,2022-08-15 18:42:58,2022-08-15 18:42:00,117.0,
1387070,518124,382,2023-01-05 22:47:00,1,2022-10-08 05:36:12,2022-10-08 05:36:00,89.0,
1387330,518124,387,2023-01-06 06:41:00,1,2022-10-08 05:36:12,2022-10-08 05:36:00,90.0,5.0
1475130,518124,570,2023-02-23 06:19:00,1,2023-02-22 16:35:16,2023-02-22 16:35:00,0.0,
1653545,518124,555,2023-05-09 12:59:00,1,2023-03-24 22:26:22,2023-03-24 22:26:00,45.0,4.0
1695665,518124,600,2023-05-24 14:39:00,1,2023-05-15 13:36:58,2023-05-15 13:36:00,9.0,
1743995,518124,445,2023-06-21 09:22:00,1,2023-02-20 11:57:53,2023-02-20 11:57:00,120.0,5.0
1747415,518124,352,2023-06-23 19:49:00,1,2023-02-20 11:57:53,2023-02-20 11:57:00,123.0,4.5
1793055,518124,335,2023-07-22 11:34:00,1,2023-02-20 11:57:53,2023-02-20 11:57:00,151.0,5.0
3693701,518124,862,2025-07-12 14:28:00,1,2025-07-06 08:06:29,2025-07-06 08:06:00,6.0,
3698219,518124,867,2025-07-21 07:31:00,1,2025-07-06 08:06:29,2025-07-06 08:06:00,14.0,
3710048,518124,653,2025-08-13 18:59:00,1,2025-08-04 09:23:27,2025-08-04 09:23:00,9.0,
304177,531259,177,2020-10-11 10:18:00,3,2020-05-07 09:22:55-11:00,2020-10-11 09:22:00,0.0,
305127,531259,68,2020-10-12 07:41:00,2,2020-01-14 15:34:41-05:00,2020-10-05 15:34:00,6.0,
308745,531259,86,2020-10-14 10:16:00,2,2019-11-19 13:45:40-12:00,2020-10-12 13:45:00,1.0,
331761,531259,184,2020-10-31 14:57:00,1,2020-10-05 15:18:56,2020-10-05 15:18:00,25.0,5.0
351781,531259,169,2020-11-30 04:48:00,3,2020-10-14 05:29:47-21:00,2020-11-21 05:29:00,8.0,
359631,531259,191,2020-12-31 09:22:00,1,2020-12-31 07:11:52,2020-12-31 07:11:00,0.0,
360667,531259,32,2021-01-03 05:40:00,1,2020-12-04 12:58:46,2020-12-04 12:58:00,29.0,3.0
371693,531259,237,2021-02-15 14:20:00,1,2021-02-15 12:55:47,2021-02-15 12:55:00,0.0,
371742,531259,292,2021-02-15 15:09:00,1,2021-02-15 12:48:09,2021-02-15 12:48:00,0.0,
375812,531259,297,2021-02-20 09:44:00,1,2021-02-20 08:01:25,2021-02-20 08:01:00,0.0,
375867,531259,302,2021-02-20 10:22:00,1,2021-02-20 08:01:22,2021-02-20 08:01:00,0.0,
382557,531259,145,2021-02-25 03:57:00,2,2020-03-20 10:18:16-14:00,2020-10-14 10:18:00,133.0,
386722,531259,123,2021-02-28 08:10:00,2,2019-09-17 17:11:25-23:00,2020-10-23 17:11:00,127.0,5.0
389197,531259,80,2021-03-01 11:14:00,1,2021-02-26 07:12:58,2021-02-26 07:12:00,3.0,5.0
408618,531259,144,2021-03-21 07:14:00,1,2021-02-24 10:46:56,2021-02-24 10:46:00,24.0,
412690,531259,51,2021-03-28 06:38:00,1,2021-03-01 11:27:12,2021-03-01 11:27:00,26.0,3.0
438580,531259,313,2021-04-15 08:46:00,1,2021-04-09 16:24:01,2021-04-09 16:24:00,5.0,5.0
490051,531259,120,2021-05-19 18:41:00,1,2020-05-07 12:06:52,2020-05-07 12:06:00,377.0,
490230,531259,60,2021-05-19 20:32:00,2,2019-11-19 18:52:02-19:00,2021-05-19 18:52:00,0.0,
491215,531259,159,2021-05-20 12:56:00,2,2021-03-04 11:49:27-10:00,2021-05-10 11:49:00,10.0,5.0
499487,531259,256,2021-05-26 06:25:00,1,2021-05-24 12:06:37,2021-05-24 12:06:00,1.0,4.0
499729,531259,307,2021-05-26 11:34:00,1,2021-05-26 07:20:27,2021-05-26 07:20:00,0.0,
519331,531259,251,2021-06-07 07:26:00,1,2021-03-13 09:27:01,2021-03-13 09:27:00,85.0,
539192,531259,266,2021-06-17 14:35:00,1,2021-06-03 16:18:50,2021-06-03 16:18:00,13.0,
606095,531259,317,2021-07-19 08:15:00,1,2021-07-19 07:07:51,2021-07-19 07:07:00,0.0,
670402,531259,185,2021-08-23 18:12:00,1,2021-03-14 13:41:21,2021-03-14 13:41:00,162.0,5.0
690572,531259,315,2021-09-08 13:51:00,1,2021-05-24 17:47:37,2021-05-24 17:47:00,106.0,5.0
695637,531259,261,2021-09-14 08:31:00,1,2021-06-11 09:26:16,2021-06-11 09:26:00,94.0,5.0
705507,531259,163,2021-09-26 13:41:00,1,2021-02-28 05:24:37,2021-02-28 05:24:00,210.0,3.0
818718,531259,195,2022-02-15 15:50:00,2,2021-10-22 08:25:44-23:00,2021-12-23 08:25:00,54.0,3.33
834188,531259,337,2022-02-22 05:58:00,1,2021-12-29 18:33:01,2021-12-29 18:33:00,54.0,
837503,531259,342,2022-02-23 12:45:00,1,2021-11-22 12:09:45,2021-11-22 12:09:00,93.0,5.0
846138,531259,153,2022-03-01 21:27:00,1,2021-03-03 18:25:29,2021-03-03 18:25:00,363.0,3.0
870363,531259,327,2022-03-27 11:53:00,1,2022-03-24 18:54:21,2022-03-24 18:54:00,2.0,
873703,531259,332,2022-03-30 01:59:00,1,2021-12-06 16:36:40,2021-12-06 16:36:00,113.0,3.0
885198,531259,133,2022-04-09 04:25:00,2,2021-08-26 09:02:28-17:00,2022-02-17 09:02:00,50.0,3.5
923743,531259,382,2022-05-27 16:03:00,1,2022-05-27 15:17:57,2022-05-27 15:17:00,0.0,
932498,531259,408,2022-05-31 10:13:00,1,2022-05-29 15:41:08,2022-05-29 15:41:00,1.0,
938863,531259,387,2022-06-02 11:10:00,1,2022-05-27 15:17:57,2022-05-27 15:17:00,5.0,5.0
991303,531259,403,2022-06-24 09:21:00,1,2022-05-16 12:07:17,2022-05-16 12:07:00,38.0,5.0
1219515,531259,428,2022-10-06 08:43:00,1,2022-09-08 16:15:08,2022-09-08 16:15:00,27.0,4.0
1227495,531259,423,2022-10-10 06:59:00,1,2022-09-16 12:29:49,2022-09-16 12:29:00,23.0,5.0
1287365,531259,535,2022-10-29 07:06:00,1,2022-10-28 16:58:53,2022-10-28 16:58:00,0.0,
1291005,531259,510,2022-10-31 13:36:00,1,2022-10-27 16:32:22,2022-10-27 16:32:00,3.0,5.0
1303415,531259,520,2022-11-07 15:04:00,1,2022-10-28 20:17:58,2022-10-28 20:17:00,9.0,5.0
1320900,531259,515,2022-11-17 15:19:00,1,2022-10-28 14:59:48,2022-10-28 14:59:00,20.0,3.0
1331040,531259,525,2022-11-24 10:41:00,1,2022-10-28 20:18:53,2022-10-28 20:18:00,26.0,5.0
1366165,531259,445,2022-12-20 05:51:00,1,2022-10-31 03:27:20,2022-10-31 03:27:00,50.0,3.0
1382910,531259,219,2023-01-03 10:21:00,1,2021-09-21 05:01:16,2021-09-21 05:01:00,469.0,3.33
1465900,531259,570,2023-02-21 18:44:00,1,2023-02-21 17:55:02,2023-02-21 17:55:00,0.0,
1564215,531259,171,2023-03-22 08:45:00,1,2021-02-24 10:57:12,2021-02-24 10:57:00,755.0,4.0
1564420,531259,335,2023-03-22 10:54:00,2,2021-10-25 15:25:25-23:00,2023-01-23 15:25:00,57.0,4.0
1572135,531259,555,2023-03-25 08:48:00,1,2023-03-20 12:19:31,2023-03-20 12:19:00,4.0,2.0
1592675,531259,202,2023-04-03 09:17:00,1,2021-10-28 13:54:39,2021-10-28 13:54:00,521.0,3.0
1608735,531259,413,2023-04-12 06:13:00,1,2022-09-02 10:22:59,2022-09-02 10:22:00,221.0,4.5
1670820,531259,600,2023-05-15 12:50:00,1,2023-05-15 12:22:03,2023-05-15 12:22:00,0.0,
1772415,531259,605,2023-07-12 08:34:00,1,2023-07-11 05:14:25,2023-07-11 05:14:00,1.0,
1880773,531259,14,2023-08-17 18:21:00,1,2021-03-02 06:47:32,2021-03-02 06:47:00,898.0,3.0
1944473,531259,271,2023-08-31 07:35:00,1,2021-09-26 16:41:10,2021-09-26 16:41:00,703.0,3.0
1954863,531259,615,2023-09-04 07:07:00,1,2023-09-04 06:35:29,2023-09-04 06:35:00,0.0,
2202388,531259,620,2023-10-30 20:46:00,1,2023-10-30 12:31:42,2023-10-30 12:31:00,0.0,
2279803,531259,565,2023-11-20 22:29:00,1,2023-03-06 13:28:38,2023-03-06 13:28:00,259.0,4.0
2358188,531259,580,2023-12-11 15:15:00,1,2023-12-11 07:14:48,2023-12-11 07:14:00,0.0,
2945218,531259,653,2024-09-14 09:46:00,1,2024-09-14 09:01:28,2024-09-14 09:01:00,0.0,
3351563,531259,610,2025-01-01 09:01:00,1,2023-12-07 06:34:11,2023-12-07 06:34:00,391.0,5.0
3351963,531259,697,2025-01-01 15:22:00,1,2024-08-23 06:31:49,2024-08-23 06:31:00,131.0,5.0
3363628,531259,663,2025-01-08 22:23:00,1,2024-07-18 12:22:06,2024-07-18 12:22:00,174.0,3.0
3386747,531259,480,2025-01-19 17:35:00,1,2023-01-24 13:54:26,2023-01-24 13:54:00,726.0,3.0
3402651,531259,743,2025-01-28 11:34:00,1,2025-01-13 15:47:26,2025-01-13 15:47:00,14.0,4.0
3605912,531259,862,2025-04-30 19:24:00,1,2025-04-30 18:39:45,2025-04-30 18:39:00,0.0,
3605942,531259,867,2025-04-30 19:41:00,1,2025-04-30 18:40:18,2025-04-30 18:40:00,0.0,
3638174,531259,753,2025-05-23 05:42:00,1,2025-05-22 11:14:52,2025-05-22 11:14:00,0.0,
3700832,531259,884,2025-07-27 08:28:00,1,2025-07-26 13:34:59,2025-07-26 13:34:00,0.0,
3718676,531259,852,2025-08-21 17:40:00,1,2025-08-21 17:31:23,2025-08-21 17:31:00,0.0,
3719759,531259,890,2025-08-22 09:43:00,1,2025-08-22 08:54:26,2025-08-22 08:54:00,0.0,
3734942,531259,708,2025-08-31 11:53:00,1,2025-07-18 08:18:41,2025-07-18 08:18:00,44.0,4.0
3747863,531259,718,2025-09-13 14:51:00,1,2025-09-09 10:32:54,2025-09-09 10:32:00,4.0,4.0
3749645,531259,788,2025-09-15 22:40:00,1,2025-07-29 08:13:44,2025-07-29 08:13:00,48.0,4.5
3753239,531259,758,2025-09-19 19:46:00,1,2025-08-31 13:03:58,2025-08-31 13:03:00,19.0,3.0
3753506,531259,881,2025-09-20 05:58:00,1,2025-09-19 10:56:52,2025-09-19 10:56:00,0.0,4.0
3820361,531259,902,2025-10-17 19:14:00,1,2025-10-17 18:09:25,2025-10-17 18:09:00,0.0,
3822479,531259,899,2025-10-18 19:21:00,1,2025-10-17 18:09:25,2025-10-17 18:09:00,1.0,
659942,791882,123,2021-08-12 12:04:00,2,2020-04-09 12:10:30-01:00,2021-07-01 12:10:00,41.0,5.0
1395455,791882,120,2023-01-11 22:16:00,4,2020-04-08 02:40:55-11:00,2023-01-11 02:40:00,0.0,
1396660,791882,60,2023-01-12 23:13:00,3,2020-06-16 02:51:18-11:00,2023-01-11 02:51:00,1.0,
1712830,791882,251,2023-05-30 01:05:00,1,2021-06-02 21:53:38,2021-06-02 21:53:00,726.0,
1712855,791882,256,2023-05-30 01:24:00,1,2022-09-27 15:53:37,2022-09-27 15:53:00,244.0,5.0
1712910,791882,600,2023-05-30 01:52:00,1,2023-05-30 01:30:29,2023-05-30 01:30:00,0.0,
1712920,791882,169,2023-05-30 02:19:00,3,2020-10-20 03:04:06-11:00,2023-01-11 03:04:00,138.0,
1769665,791882,261,2023-07-10 12:07:00,1,2022-10-10 21:57:11,2022-10-10 21:57:00,272.0,5.0
1781350,791882,570,2023-07-18 09:25:00,1,2023-07-17 20:15:07,2023-07-17 20:15:00,0.0,
1788945,791882,237,2023-07-21 02:20:00,1,2023-07-17 20:15:07,2023-07-17 20:15:00,3.0,
1900383,791882,302,2023-08-20 16:32:00,1,2023-08-08 18:45:41,2023-08-08 18:45:00,11.0,
1900518,791882,317,2023-08-20 16:48:00,1,2023-08-08 18:45:41,2023-08-08 18:45:00,11.0,
1974988,791882,342,2023-09-11 05:52:00,1,2023-08-08 18:45:41,2023-08-08 18:45:00,33.0,4.0
1990133,791882,315,2023-09-13 22:50:00,1,2021-07-01 12:09:32,2021-07-01 12:09:00,804.0,5.0
2234133,791882,133,2023-11-08 02:33:00,1,2023-08-08 18:45:41,2023-08-08 18:45:00,91.0,4.5
2300993,791882,266,2023-11-26 08:26:00,1,2023-11-23 14:50:30,2023-11-23 14:50:00,2.0,
2304273,791882,86,2023-11-26 22:03:00,1,2023-11-24 16:16:48,2023-11-24 16:16:00,2.0,
2304483,791882,177,2023-11-26 23:03:00,1,2020-10-20 01:11:14,2020-10-20 01:11:00,,
2306258,791882,337,2023-11-27 11:57:00,1,2023-11-27 01:58:14,2023-11-27 01:58:00,0.0,
2306588,791882,615,2023-11-27 13:14:00,1,2023-11-27 02:11:53,2023-11-27 02:11:00,0.0,
2310273,791882,382,2023-11-28 06:45:00,2,,2023-11-28 06:08:00,0.0,
2321238,791882,292,2023-11-30 01:25:00,1,2023-11-30 01:09:52,2023-11-30 01:09:00,0.0,
2348933,791882,184,2023-12-07 19:48:00,1,2023-11-24 16:16:48,2023-11-24 16:16:00,13.0,4.5
2883043,791882,219,2024-08-14 15:16:00,1,2023-12-12 03:22:06,2023-12-12 03:22:00,246.0,4.67
3022288,791882,403,2024-09-26 13:29:00,2,,2024-09-26 05:50:00,0.0,5.0
3023258,791882,653,2024-09-26 17:28:00,1,2024-09-26 05:50:56,2024-09-26 05:50:00,0.0,
3173528,791882,555,2024-11-09 05:39:00,1,2024-09-10 01:14:38,2024-09-10 01:14:00,60.0,5.0
3585762,791882,185,2025-04-24 01:47:00,1,2025-02-10 16:46:27,2025-02-10 16:46:00,72.0,5.0
3612877,791882,319,2025-05-04 20:36:00,2,2023-11-27 16:46:27-10:00,2025-02-10 16:46:00,83.0,4.5
3616718,791882,852,2025-05-07 20:23:00,1,2025-04-29 13:23:48,2025-04-29 13:23:00,8.0,
3638948,791882,590,2025-05-23 16:02:00,1,2025-02-10 16:46:27,2025-02-10 16:46:00,101.0,4.5
3641630,791882,862,2025-05-25 14:50:00,1,2025-05-13 12:51:14,2025-05-13 12:51:00,12.0,
3641693,791882,867,2025-05-25 15:18:00,1,2025-05-13 12:51:14,2025-05-13 12:51:00,12.0,
3644630,791882,713,2025-05-27 14:03:00,1,2025-04-16 17:39:19,2025-04-16 17:39:00,40.0,5.0
3806636,791882,753,2025-10-12 21:59:00,2,,2025-09-29 22:48:00,12.0,
154536,886996,51,2020-05-15 14:10:00,1,2020-05-08 08:21:01,2020-05-08 08:21:00,7.0,5.0
277184,886996,80,2020-09-08 19:33:00,2,2020-05-08 20:44:13-16:00,2020-08-16 20:44:00,22.0,5.0
298557,886996,177,2020-10-06 22:14:00,2,2020-05-15 21:04:17-09:00,2020-09-09 21:04:00,27.0,
299737,886996,68,2020-10-07 19:32:00,1,2020-10-05 15:34:02,2020-10-05 15:34:00,2.0,
349286,886996,145,2020-11-20 23:55:00,2,,2020-10-30 19:27:00,21.0,
360836,886996,32,2021-01-03 18:18:00,1,2020-12-04 18:42:41,2020-12-04 18:42:00,29.0,5.0
363866,886996,191,2021-01-12 22:52:00,1,2020-12-30 15:46:03,2020-12-30 15:46:00,13.0,
384827,886996,237,2021-02-26 12:44:00,1,2021-02-16 20:49:33,2021-02-16 20:49:00,9.0,
385072,886996,292,2021-02-26 14:41:00,1,2021-02-16 20:49:38,2021-02-16 20:49:00,9.0,
427430,886996,86,2021-04-10 16:51:00,1,2021-04-08 14:35:53,2021-04-08 14:35:00,2.0,
430013,886996,251,2021-04-12 07:53:00,1,2021-03-27 08:02:46,2021-03-27 08:02:00,15.0,
460081,886996,307,2021-04-27 19:44:00,1,2021-04-21 15:14:15,2021-04-21 15:14:00,6.0,
467929,886996,184,2021-05-04 17:46:00,1,2021-04-14 07:39:24,2021-04-14 07:39:00,20.0,5.0
481591,886996,302,2021-05-14 23:58:00,1,2021-05-14 14:06:58,2021-05-14 14:06:00,0.0,
481606,886996,297,2021-05-15 00:27:00,1,2021-05-14 14:07:24,2021-05-14 14:07:00,0.0,
496511,886996,256,2021-05-24 11:49:00,1,2021-05-14 08:18:14,2021-05-14 08:18:00,10.0,5.0
497425,886996,169,2021-05-24 18:11:00,4,2020-05-15 18:36:53-15:00,2021-05-15 18:36:00,8.0,
582087,886996,266,2021-07-09 20:36:00,1,2021-06-12 11:32:39,2021-06-12 11:32:00,27.0,
638649,886996,317,2021-07-28 11:26:00,1,2021-07-20 03:11:08,2021-07-20 03:11:00,8.0,
916683,886996,337,2022-05-19 13:55:00,1,2022-05-19 12:19:00,2022-05-19 12:19:00,0.0,
1347460,886996,261,2022-12-05 11:14:00,1,2022-12-02 15:35:43,2022-12-02 15:35:00,2.0,5.0
1419005,886996,382,2023-02-02 18:36:00,1,2023-02-02 15:18:13,2023-02-02 15:18:00,0.0,
1425430,886996,387,2023-02-09 03:59:00,1,2023-02-02 15:18:13,2023-02-02 15:18:00,6.0,5.0
1530095,886996,570,2023-03-10 01:25:00,1,2023-03-10 00:35:57,2023-03-10 00:35:00,0.0,
1748485,886996,423,2023-06-24 18:23:00,1,2023-06-06 20:23:26,2023-06-06 20:23:00,17.0,5.0
1749840,886996,428,2023-06-25 20:56:00,1,2023-06-09 00:49:10,2023-06-09 00:49:00,16.0,5.0
1840698,886996,600,2023-08-10 23:39:00,1,2023-08-09 03:15:07,2023-08-09 03:15:00,1.0,
2255548,886996,433,2023-11-14 10:33:00,1,2023-09-07 13:24:21,2023-09-07 13:24:00,67.0,5.0
2948813,886996,653,2024-09-14 18:14:00,1,2024-09-14 16:31:25,2024-09-14 16:31:00,0.0,
3471863,886996,315,2025-02-18 19:00:00,1,2022-09-16 13:31:07,2022-09-16 13:31:00,886.0,5.0
3522652,886996,14,2025-03-07 05:35:00,2,2021-08-05 09:53:49-17:00,2025-01-17 09:53:00,48.0,5.0
3600982,886996,123,2025-04-28 09:21:00,1,2022-09-16 13:31:07,2022-09-16 13:31:00,954.0,5.0
3616433,886996,852,2025-05-07 17:53:00,1,2025-04-29 13:17:11,2025-04-29 13:17:00,8.0,
3618056,886996,862,2025-05-08 17:09:00,1,2025-05-08 16:44:44,2025-05-08 16:44:00,0.0,
3618074,886996,867,2025-05-08 17:38:00,1,2025-05-08 16:44:44,2025-05-08 16:44:00,0.0,
3663716,886996,753,2025-06-10 16:17:00,1,2025-05-28 14:37:18,2025-05-28 14:37:00,13.0,
3724298,886996,163,2025-08-24 23:03:00,1,2025-07-07 18:17:19,2025-07-07 18:17:00,48.0,5.0
3750449,886996,352,2025-09-16 20:25:00,1,2025-05-19 19:30:42,2025-05-19 19:30:00,120.0,4.5
3820880,886996,60,2025-10-17 23:07:00,1,2025-10-17 23:06:32,2025-10-17 23:06:00,0.0,
3829559,886996,902,2025-10-21 19:20:00,1,2025-10-17 22:20:07,2025-10-17 22:20:00,3.0,
3833816,886996,899,2025-10-23 11:57:00,1,2025-10-17 22:20:07,2025-10-17 22:20:00,5.0,
3848420,886996,905,2025-10-28 16:18:00,1,2025-10-22 10:48:39,2025-10-22 10:48:00,6.0,
3848714,886996,605,2025-10-28 17:29:00,1,2025-10-23 18:31:57,2025-10-23 18:31:00,4.0,
3848780,886996,120,2025-10-28 17:45:00,1,2025-10-17 23:07:56,2025-10-17 23:07:00,10.0,
368487,1202367,169,2021-02-02 10:48:00,4,2020-11-13 12:44:29-22:00,2021-01-22 12:44:00,10.0,
369477,1202367,177,2021-02-06 08:50:00,3,2020-11-13 12:45:34-22:00,2021-01-22 12:45:00,14.0,
412380,1202367,251,2021-03-27 15:52:00,1,2021-03-16 12:14:14,2021-03-16 12:14:00,11.0,
442870,1202367,86,2021-04-17 08:15:00,1,2021-04-06 15:26:44,2021-04-06 15:26:00,10.0,
453123,1202367,307,2021-04-22 13:02:00,1,2021-04-19 12:20:26,2021-04-19 12:20:00,3.0,
470847,1202367,292,2021-05-06 21:11:00,1,2021-05-06 14:07:28,2021-05-06 14:07:00,0.0,
471702,1202367,302,2021-05-07 15:59:00,1,2021-05-07 12:21:32,2021-05-07 12:21:00,0.0,
510411,1202367,60,2021-06-01 18:31:00,2,2020-11-13 18:30:58-01:00,2021-06-01 18:30:00,0.0,
513641,1202367,120,2021-06-03 13:17:00,2,2020-11-13 20:07:10-01:00,2021-06-01 20:07:00,1.0,
543467,1202367,266,2021-06-20 06:46:00,1,2021-06-10 19:00:57,2021-06-10 19:00:00,9.0,
545652,1202367,191,2021-06-21 11:13:00,1,2021-05-08 09:30:04,2021-05-08 09:30:00,44.0,
612460,1202367,317,2021-07-21 08:31:00,1,2021-07-19 09:23:17,2021-07-19 09:23:00,1.0,
765357,1202367,237,2021-12-21 09:23:00,1,2021-11-27 17:09:26,2021-11-27 17:09:00,23.0,
914468,1202367,337,2022-05-16 08:25:00,1,2022-05-15 19:07:35,2022-05-15 19:07:00,0.0,
948978,1202367,123,2022-06-06 09:27:00,1,2022-01-14 15:34:11,2022-01-14 15:34:00,142.0,4.0
953268,1202367,315,2022-06-07 14:08:00,1,2022-05-27 15:33:55,2022-05-27 15:33:00,10.0,4.0
1186275,1202367,256,2022-09-11 18:26:00,1,2022-09-09 14:41:47,2022-09-09 14:41:00,2.0,
1225715,1202367,382,2022-10-09 10:52:00,1,2022-10-07 09:47:26,2022-10-07 09:47:00,2.0,
1226845,1202367,387,2022-10-09 20:00:00,1,2022-10-07 09:47:26,2022-10-07 09:47:00,2.0,5.0
1234530,1202367,261,2022-10-12 10:49:00,1,2022-01-01 06:24:59,2022-01-01 06:24:00,284.0,5.0
1376780,1202367,297,2022-12-29 13:25:00,1,2022-12-27 10:52:00,2022-12-27 10:52:00,2.0,
1377785,1202367,145,2022-12-30 09:10:00,1,2022-03-17 12:24:17,2022-03-17 12:24:00,287.0,
1399940,1202367,80,2023-01-16 16:12:00,2,,2022-12-27 11:07:00,20.0,3.0
1469095,1202367,570,2023-02-22 08:37:00,1,2023-02-22 01:58:39,2023-02-22 01:58:00,0.0,
1591270,1202367,184,2023-04-02 10:53:00,4,,2023-03-29 13:07:00,3.0,5.0
1670875,1202367,600,2023-05-15 13:03:00,1,2023-05-15 09:25:04,2023-05-15 09:25:00,0.0,
1774125,1202367,605,2023-07-13 13:39:00,1,2023-07-10 09:30:38,2023-07-10 09:30:00,3.0,
1976858,1202367,615,2023-09-11 15:58:00,1,2023-09-11 10:54:11,2023-09-11 10:54:00,0.0,
1977873,1202367,555,2023-09-11 19:42:00,1,2023-09-11 10:54:11,2023-09-11 10:54:00,0.0,3.0
1989638,1202367,335,2023-09-13 21:11:00,2,,2022-12-30 17:33:00,257.0,3.0
2194093,1202367,342,2023-10-28 12:15:00,2,,2022-12-30 10:52:00,302.0,4.0
2194773,1202367,510,2023-10-28 15:41:00,1,2022-12-30 17:34:40,2022-12-30 17:34:00,301.0,5.0
2252913,1202367,620,2023-11-13 13:47:00,1,2023-10-30 10:17:39,2023-10-30 10:17:00,14.0,
2411378,1202367,580,2023-12-27 09:29:00,1,2023-12-11 10:22:25,2023-12-11 10:22:00,15.0,
2891913,1202367,163,2024-08-21 20:34:00,2,2022-12-27 18:03:30-01:00,2024-07-01 18:03:00,51.0,4.67
2941633,1202367,653,2024-09-13 20:21:00,1,2024-09-13 14:15:00,2024-09-13 14:15:00,0.0,
2968993,1202367,403,2024-09-17 09:25:00,2,2022-12-27 14:15:00-13:00,2024-09-13 14:15:00,3.0,4.0
3382053,1202367,219,2025-01-16 16:05:00,2,,2024-09-27 20:48:00,110.0,3.6
3421373,1202367,565,2025-02-07 00:52:00,1,2025-01-17 14:22:20,2025-01-17 14:22:00,20.0,3.5
3609322,1202367,852,2025-05-02 16:18:00,1,2025-04-29 13:16:08,2025-04-29 13:16:00,3.0,
3618092,1202367,862,2025-05-08 18:14:00,1,2025-05-08 11:08:05,2025-05-08 11:08:00,0.0,
3619046,1202367,867,2025-05-09 16:58:00,1,2025-05-08 11:08:05,2025-05-08 11:08:00,1.0,
3648869,1202367,753,2025-05-30 05:18:00,1,2025-05-28 20:23:05,2025-05-28 20:23:00,1.0,
3817346,1202367,902,2025-10-16 19:31:00,1,2025-10-16 10:56:24,2025-10-16 10:56:00,0.0,
3821606,1202367,899,2025-10-18 12:06:00,1,2025-10-16 10:56:24,2025-10-16 10:56:00,2.0,
3853451,1202367,708,2025-10-30 01:27:00,1,2025-10-16 11:38:28,2025-10-16 11:38:00,13.0,4.0
3853571,1202367,905,2025-10-30 05:59:00,1,2025-10-23 07:32:54,2025-10-23 07:32:00,6.0,
3859940,1202367,881,2025-11-01 05:59:00,1,2025-10-17 15:07:42,2025-10-17 15:07:00,14.0,5.0
1061905,1319457,60,2022-07-22 14:12:00,2,2022-02-07 20:17:51-18:00,2022-07-18 20:17:00,3.0,
1066250,1319457,302,2022-07-25 15:07:00,1,2022-07-25 10:11:01,2022-07-25 10:11:00,0.0,
1066795,1319457,297,2022-07-25 22:40:00,1,2022-07-25 10:11:01,2022-07-25 10:11:00,0.0,
1066940,1319457,292,2022-07-26 00:27:00,1,2022-07-25 10:11:01,2022-07-25 10:11:00,0.0,
1092090,1319457,317,2022-08-06 00:18:00,1,2022-08-02 07:31:22,2022-08-02 07:31:00,3.0,
1093570,1319457,237,2022-08-06 20:09:00,1,2022-08-02 07:31:22,2022-08-02 07:31:00,4.0,
1119410,1319457,177,2022-08-16 10:24:00,1,2022-08-15 14:53:34,2022-08-15 14:53:00,0.0,
1119615,1319457,86,2022-08-16 11:32:00,1,2022-08-15 14:53:34,2022-08-15 14:53:00,0.0,
1125995,1319457,169,2022-08-19 10:04:00,1,2022-07-25 10:11:01,2022-07-25 10:11:00,24.0,
1126105,1319457,120,2022-08-19 10:42:00,1,2022-07-25 10:11:01,2022-07-25 10:11:00,25.0,
1134570,1319457,184,2022-08-23 08:11:00,1,2022-08-15 14:53:34,2022-08-15 14:53:00,7.0,5.0
1183030,1319457,185,2022-09-08 06:25:00,1,2022-08-15 14:53:34,2022-08-15 14:53:00,23.0,5.0
1201090,1319457,319,2022-09-24 08:09:00,1,2022-08-15 14:53:34,2022-08-15 14:53:00,39.0,5.0
1201805,1319457,327,2022-09-24 19:05:00,1,2022-08-15 14:53:34,2022-08-15 14:53:00,40.0,
1218085,1319457,123,2022-10-05 11:17:00,1,2022-09-24 07:59:39,2022-09-24 07:59:00,11.0,5.0
1259705,1319457,315,2022-10-20 15:12:00,1,2022-01-18 17:40:39,2022-01-18 17:40:00,274.0,5.0
1261005,1319457,256,2022-10-21 03:43:00,1,2022-09-24 22:34:24,2022-09-24 22:34:00,26.0,
1315176,1319457,163,2022-11-14 11:50:00,1,2022-09-24 07:59:39,2022-09-24 07:59:00,51.0,4.0
1365010,1319457,382,2022-12-19 09:41:00,1,2022-10-08 09:23:14,2022-10-08 09:23:00,72.0,
1367010,1319457,251,2022-12-20 20:50:00,1,2021-10-08 00:34:24,2021-10-08 00:34:00,438.0,
1372910,1319457,261,2022-12-26 17:45:00,1,2022-10-08 09:23:14,2022-10-08 09:23:00,79.0,5.0
1373740,1319457,387,2022-12-27 12:03:00,1,2022-10-08 09:23:15,2022-10-08 09:23:00,80.0,5.0
1429095,1319457,403,2023-02-13 05:09:00,1,2023-01-23 23:23:33,2023-01-23 23:23:00,20.0,5.0
1516965,1319457,570,2023-03-06 01:10:00,1,2023-03-05 23:58:30,2023-03-05 23:58:00,0.0,
1627480,1319457,443,2023-04-27 07:16:00,1,2023-01-14 20:22:28,2023-01-14 20:22:00,102.0,5.0
1628535,1319457,337,2023-04-27 19:29:00,1,2023-04-27 09:50:44,2023-04-27 09:50:00,0.0,
1631210,1319457,510,2023-04-29 07:44:00,1,2023-04-27 09:47:02,2023-04-27 09:47:00,1.0,5.0
1632710,1319457,342,2023-04-30 07:10:00,1,2023-04-27 09:49:40,2023-04-27 09:49:00,2.0,5.0
1632990,1319457,80,2023-04-30 13:16:00,1,2023-04-27 09:50:20,2023-04-27 09:50:00,3.0,4.0
1667640,1319457,266,2023-05-14 05:30:00,1,2023-04-27 09:47:29,2023-04-27 09:47:00,16.0,
1667755,1319457,191,2023-05-14 07:57:00,1,2023-02-22 06:03:31,2023-02-22 06:03:00,81.0,
1694680,1319457,600,2023-05-24 09:28:00,1,2023-05-24 07:45:50,2023-05-24 07:45:00,0.0,
1696620,1319457,219,2023-05-24 19:26:00,1,2023-05-02 20:17:48,2023-05-02 20:17:00,21.0,4.0
1783575,1319457,605,2023-07-19 07:29:00,1,2023-07-11 19:05:56,2023-07-11 19:05:00,7.0,
2344458,1319457,615,2023-12-06 02:38:00,1,2023-12-03 13:15:02,2023-12-03 13:15:00,2.0,
2349733,1319457,620,2023-12-08 04:42:00,1,2023-12-03 13:15:02,2023-12-03 13:15:00,4.0,
2666732,1319457,580,2024-04-08 12:06:00,1,2024-04-08 07:24:33,2024-04-08 07:24:00,0.0,
2666802,1319457,653,2024-04-08 13:02:00,1,2024-04-08 12:13:40,2024-04-08 12:13:00,0.0,
3163198,1319457,51,2024-11-06 04:47:00,3,2023-01-27 12:27:43-06:00,2024-04-06 12:27:00,213.0,4.0
3710051,1319457,852,2025-08-13 19:10:00,1,2025-04-29 13:23:51,2025-04-29 13:23:00,106.0,
710307,1776122,251,2021-10-02 22:22:00,1,2021-09-07 19:56:20,2021-09-07 19:56:00,25.0,
1197815,1776122,256,2022-09-21 18:24:00,1,2022-09-16 13:27:45,2022-09-16 13:27:00,5.0,
1200395,1776122,123,2022-09-23 17:47:00,1,2022-05-27 16:38:40,2022-05-27 16:38:00,119.0,3.0
1409885,1776122,382,2023-01-26 11:57:00,1,2023-01-26 11:19:14,2023-01-26 11:19:00,0.0,
1411535,1776122,387,2023-01-27 14:52:00,1,2023-01-26 11:19:14,2023-01-26 11:19:00,1.0,3.0
1832153,1776122,237,2023-08-08 21:54:00,1,2023-08-08 19:08:06,2023-08-08 19:08:00,0.0,
1832863,1776122,302,2023-08-09 07:04:00,1,2023-08-08 19:08:06,2023-08-08 19:08:00,0.0,
1835078,1776122,317,2023-08-09 20:15:00,1,2023-08-08 19:08:06,2023-08-08 19:08:00,1.0,
1920873,1776122,342,2023-08-24 14:07:00,1,2023-08-08 19:08:06,2023-08-08 19:08:00,15.0,3.0
1976008,1776122,615,2023-09-11 13:15:00,1,2023-09-11 12:38:42,2023-09-11 12:38:00,0.0,
1981693,1776122,600,2023-09-12 14:12:00,1,2023-09-11 12:38:42,2023-09-11 12:38:00,1.0,
2003148,1776122,86,2023-09-16 10:12:00,1,2023-09-11 12:38:42,2023-09-11 12:38:00,4.0,
2004358,1776122,184,2023-09-16 14:16:00,1,2023-09-11 12:38:42,2023-09-11 12:38:00,5.0,4.0
2233088,1776122,133,2023-11-07 21:25:00,1,2023-08-08 19:08:06,2023-08-08 19:08:00,91.0,4.5
2317708,1776122,177,2023-11-29 15:23:00,1,2023-11-26 18:26:05,2023-11-26 18:26:00,2.0,
2459378,1776122,315,2024-01-29 12:03:00,1,2022-05-27 16:38:40,2022-05-27 16:38:00,611.0,4.0
2609853,1776122,261,2024-03-11 22:00:00,1,2022-10-10 08:22:35,2022-10-10 08:22:00,518.0,3.0
2891103,1776122,337,2024-08-21 09:21:00,1,2024-08-07 08:29:43,2024-08-07 08:29:00,14.0,
3427098,1776122,653,2025-02-10 23:19:00,1,2024-09-13 18:33:55,2024-09-13 18:33:00,150.0,
3438798,1776122,555,2025-02-13 21:27:00,1,2023-09-11 12:38:42,2023-09-11 12:38:00,521.0,3.0
3540207,1776122,185,2025-03-18 09:17:00,1,2025-02-10 16:47:02,2025-02-10 16:47:00,35.0,3.5
3602792,1776122,319,2025-04-29 01:53:00,1,2025-02-10 16:47:02,2025-02-10 16:47:00,77.0,3.0
3630752,1776122,862,2025-05-18 14:24:00,1,2025-05-18 12:13:29,2025-05-18 12:13:00,0.0,
3630770,1776122,867,2025-05-18 14:35:00,1,2025-05-18 12:13:29,2025-05-18 12:13:00,0.0,
3656519,1776122,753,2025-06-04 11:52:00,1,2025-05-28 14:54:50,2025-05-28 14:54:00,6.0,
3663983,1776122,590,2025-06-10 21:29:00,1,2025-02-10 16:47:02,2025-02-10 16:47:00,120.0,4.0
3665309,1776122,713,2025-06-12 01:25:00,1,2025-04-16 17:39:21,2025-04-16 17:39:00,56.0,3.0
3678065,1776122,570,2025-06-23 17:59:00,1,2025-06-15 15:43:31,2025-06-15 15:43:00,8.0,
3811175,1776122,852,2025-10-15 09:29:00,1,2025-10-15 09:03:07,2025-10-15 09:03:00,0.0,
3836801,1776122,902,2025-10-24 10:37:00,1,2025-10-16 17:37:39,2025-10-16 17:37:00,7.0,
3836912,1776122,899,2025-10-24 11:13:00,1,2025-10-16 17:37:39,2025-10-16 17:37:00,7.0,
3847220,1776122,905,2025-10-28 11:42:00,1,2025-10-28 11:38:32,2025-10-28 11:38:00,0.0,
911798,2131303,237,2022-05-11 15:02:00,3,2022-04-29 17:45:02-02:00,2022-05-02 17:45:00,8.0,
1092105,2131303,256,2022-08-06 00:31:00,3,,2022-05-29 23:22:00,68.0,
1119795,2131303,60,2022-08-16 12:34:00,3,,2022-07-30 20:14:00,16.0,
1119855,2131303,120,2022-08-16 13:00:00,3,2022-05-08 12:42:48-16:00,2022-08-16 12:42:00,0.0,
1130600,2131303,261,2022-08-21 15:42:00,1,2022-05-29 23:22:39,2022-05-29 23:22:00,83.0,5.0
1145575,2131303,251,2022-08-27 13:37:00,1,2022-05-29 23:22:39,2022-05-29 23:22:00,89.0,
1360170,2131303,382,2022-12-14 13:27:00,1,2022-10-07 15:16:25,2022-10-07 15:16:00,67.0,
1361315,2131303,387,2022-12-15 15:11:00,1,2022-10-07 15:16:25,2022-10-07 15:16:00,68.0,5.0
1542240,2131303,570,2023-03-14 21:15:00,2,2023-02-22 22:16:28-04:00,2023-03-04 22:16:00,9.0,
1699780,2131303,600,2023-05-25 16:57:00,1,2023-05-15 17:45:42,2023-05-15 17:45:00,9.0,
1800765,2131303,605,2023-07-25 19:40:00,1,2023-07-10 10:44:37,2023-07-10 10:44:00,15.0,
1800875,2131303,169,2023-07-25 20:18:00,5,,2023-07-25 19:43:00,0.0,
1849738,2131303,302,2023-08-12 20:36:00,1,2023-08-08 18:18:29,2023-08-08 18:18:00,4.0,
1857233,2131303,317,2023-08-13 23:30:00,1,2023-08-08 18:18:29,2023-08-08 18:18:00,5.0,
1935778,2131303,80,2023-08-28 22:31:00,1,2023-08-08 18:18:29,2023-08-08 18:18:00,20.0,5.0
1961933,2131303,51,2023-09-06 06:26:00,1,2023-08-08 18:18:29,2023-08-08 18:18:00,28.0,5.0
2020173,2131303,191,2023-09-19 13:10:00,1,2023-09-11 15:13:48,2023-09-11 15:13:00,7.0,
2112778,2131303,14,2023-10-08 05:37:00,1,2023-08-08 18:18:29,2023-08-08 18:18:00,60.0,4.0
2178278,2131303,352,2023-10-24 08:48:00,1,2023-08-08 18:18:29,2023-08-08 18:18:00,76.0,4.0
2200493,2131303,445,2023-10-30 12:25:00,1,2023-08-08 18:18:29,2023-08-08 18:18:00,82.0,4.0
2296308,2131303,86,2023-11-25 00:33:00,1,2023-11-24 14:53:13,2023-11-24 14:53:00,0.0,
2296378,2131303,177,2023-11-25 00:59:00,1,2023-11-24 14:53:13,2023-11-24 14:53:00,0.0,
2327598,2131303,159,2023-11-30 21:04:00,1,2023-09-11 15:13:48,2023-09-11 15:13:00,80.0,3.0
2370353,2131303,580,2023-12-16 19:45:00,1,2023-12-11 13:01:58,2023-12-11 13:01:00,5.0,
2439378,2131303,615,2024-01-11 15:56:00,1,2024-01-11 15:07:53,2024-01-11 15:07:00,0.0,
2439508,2131303,620,2024-01-11 18:17:00,1,2024-01-02 15:04:49,2024-01-02 15:04:00,9.0,
2457078,2131303,123,2024-01-27 22:00:00,1,2022-09-09 10:52:37,2022-09-09 10:52:00,505.0,5.0
2457733,2131303,315,2024-01-28 11:34:00,1,2022-09-09 10:52:37,2022-09-09 10:52:00,506.0,5.0
2554568,2131303,292,2024-02-24 18:56:00,1,2024-02-12 09:45:27,2024-02-12 09:45:00,12.0,
2647797,2131303,163,2024-03-31 14:48:00,1,2024-02-12 09:45:27,2024-02-12 09:45:00,48.0,4.0
2685767,2131303,219,2024-04-21 16:21:00,1,2024-02-12 09:45:27,2024-02-12 09:45:00,69.0,5.0
2691997,2131303,653,2024-04-25 07:58:00,1,2024-01-16 11:09:06,2024-01-16 11:09:00,99.0,
2692022,2131303,145,2024-04-25 08:17:00,1,2022-08-30 09:10:38,2022-08-30 09:10:00,603.0,
2692042,2131303,337,2024-04-25 09:01:00,1,2024-04-24 16:25:44,2024-04-24 16:25:00,0.0,
2700847,2131303,565,2024-04-28 14:02:00,1,2024-04-24 16:21:00,2024-04-24 16:21:00,3.0,4.5
2701077,2131303,403,2024-04-28 15:08:00,1,2024-04-24 16:24:50,2024-04-24 16:24:00,3.0,5.0
2704062,2131303,610,2024-04-29 13:58:00,1,2023-12-04 10:44:43,2023-12-04 10:44:00,147.0,5.0
2704452,2131303,663,2024-04-29 18:20:00,1,2024-01-29 11:45:36,2024-01-29 11:45:00,91.0,5.0
2706047,2131303,342,2024-04-30 19:59:00,1,2024-04-24 16:25:54,2024-04-24 16:25:00,6.0,5.0
2712317,2131303,195,2024-05-04 18:52:00,1,2024-04-24 16:23:37,2024-04-24 16:23:00,10.0,4.0
2714802,2131303,266,2024-05-06 09:00:00,1,2022-12-15 15:23:32,2022-12-15 15:23:00,507.0,
2720182,2131303,480,2024-05-08 13:08:00,1,2024-04-24 16:23:56,2024-04-24 16:23:00,13.0,4.0
2728292,2131303,418,2024-05-11 20:24:00,1,2024-04-24 16:25:06,2024-04-24 16:25:00,17.0,4.5
2730147,2131303,165,2024-05-12 23:37:00,1,2024-03-29 08:56:03,2024-03-29 08:56:00,44.0,4.5
2741972,2131303,413,2024-05-17 10:52:00,1,2024-04-24 16:24:58,2024-04-24 16:24:00,22.0,5.0
2957228,2131303,697,2024-09-15 19:00:00,1,2024-08-26 19:51:53,2024-08-26 19:51:00,19.0,5.0
3619712,2131303,862,2025-05-10 12:36:00,1,2025-05-10 10:10:16,2025-05-10 10:10:00,0.0,
3619724,2131303,852,2025-05-10 12:47:00,1,2025-05-08 09:16:37,2025-05-08 09:16:00,2.0,
3654221,2131303,753,2025-06-02 16:09:00,1,2025-05-30 11:10:33,2025-05-30 11:10:00,3.0,
3654257,2131303,867,2025-06-02 16:30:00,2,,2025-05-30 11:09:00,3.0,
3839933,2131303,890,2025-10-25 12:22:00,1,2025-10-11 11:33:29,2025-10-11 11:33:00,14.0,
891368,2135328,120,2022-04-17 13:20:00,1,2022-04-16 18:54:51,2022-04-16 18:54:00,0.0,
891608,2135328,60,2022-04-17 19:01:00,1,2022-04-17 13:30:51,2022-04-17 13:30:00,0.0,
891883,2135328,169,2022-04-18 04:41:00,1,2022-04-17 13:35:43,2022-04-17 13:35:00,0.0,
905938,2135328,337,2022-05-05 10:56:00,1,2022-04-18 04:45:02,2022-04-18 04:45:00,17.0,
1043150,2135328,80,2022-07-14 11:56:00,1,2022-06-03 22:21:21,2022-06-03 22:21:00,40.0,5.0
1064005,2135328,51,2022-07-24 07:36:00,1,2022-06-03 22:21:21,2022-06-03 22:21:00,50.0,4.0
1092080,2135328,317,2022-08-06 00:17:00,1,2022-08-02 01:19:53,2022-08-02 01:19:00,3.0,
1092095,2135328,302,2022-08-06 00:21:00,1,2022-08-02 01:19:53,2022-08-02 01:19:00,3.0,
1092710,2135328,237,2022-08-06 11:56:00,1,2022-08-02 01:19:53,2022-08-02 01:19:00,4.0,
1110925,2135328,177,2022-08-14 05:36:00,1,2022-04-17 13:34:29,2022-04-17 13:34:00,118.0,
1111000,2135328,86,2022-08-14 06:55:00,1,2022-04-16 18:52:11,2022-04-16 18:52:00,119.0,
1111015,2135328,184,2022-08-14 07:10:00,1,2022-04-16 18:52:21,2022-04-16 18:52:00,119.0,5.0
1111065,2135328,292,2022-08-14 07:59:00,1,2022-07-25 09:12:16,2022-07-25 09:12:00,19.0,
1122375,2135328,297,2022-08-17 18:32:00,1,2022-08-07 20:44:44,2022-08-07 20:44:00,9.0,
1147765,2135328,185,2022-08-28 15:53:00,1,2022-08-18 11:58:36,2022-08-18 11:58:00,10.0,5.0
1186900,2135328,319,2022-09-12 11:54:00,1,2022-08-18 11:58:36,2022-08-18 11:58:00,24.0,5.0
1187500,2135328,327,2022-09-12 22:27:00,2,2022-08-07 11:58:36-18:00,2022-08-18 11:58:00,25.0,
1218090,2135328,123,2022-10-05 11:19:00,1,2022-09-23 17:31:46,2022-09-23 17:31:00,11.0,5.0
1272710,2135328,256,2022-10-25 02:12:00,1,2022-10-09 07:15:04,2022-10-09 07:15:00,15.0,
1274705,2135328,315,2022-10-25 13:14:00,1,2022-09-23 17:31:46,2022-09-23 17:31:00,31.0,5.0
1315725,2135328,163,2022-11-14 17:14:00,1,2022-09-23 17:31:46,2022-09-23 17:31:00,51.0,4.0
1352185,2135328,251,2022-12-08 14:30:00,1,2022-11-12 11:06:32,2022-11-12 11:06:00,26.0,
1353615,2135328,382,2022-12-09 14:05:00,1,2022-10-07 11:42:24,2022-10-07 11:42:00,63.0,
1356725,2135328,387,2022-12-12 08:53:00,1,2022-10-07 11:42:24,2022-10-07 11:42:00,65.0,5.0
1405895,2135328,443,2023-01-23 08:36:00,1,2022-10-10 14:51:51,2022-10-10 14:51:00,104.0,4.5
1406975,2135328,261,2023-01-24 08:31:00,1,2023-01-22 06:29:32,2023-01-22 06:29:00,2.0,5.0
1417335,2135328,266,2023-02-01 10:30:00,1,2023-01-31 16:06:27,2023-01-31 16:06:00,0.0,
1419800,2135328,342,2023-02-03 15:51:00,2,2022-05-20 06:36:08-14:00,2022-08-14 06:36:00,173.0,4.0
1419880,2135328,510,2023-02-03 17:07:00,1,2023-02-01 22:04:45,2023-02-01 22:04:00,1.0,4.0
1420060,2135328,144,2023-02-03 21:26:00,1,2023-02-01 05:37:16,2023-02-01 05:37:00,2.0,
1505805,2135328,570,2023-03-02 08:58:00,1,2023-02-22 12:57:03,2023-02-22 12:57:00,7.0,
1677765,2135328,600,2023-05-17 22:04:00,1,2023-05-15 10:22:05,2023-05-15 10:22:00,2.0,
1751725,2135328,555,2023-06-27 10:03:00,1,2023-06-06 22:59:00,2023-06-06 22:59:00,20.0,5.0
1777950,2135328,219,2023-07-16 10:12:00,2,2023-01-06 17:13:40-01:00,2023-05-01 17:13:00,75.0,4.0
1779620,2135328,605,2023-07-17 13:52:00,1,2023-07-10 13:54:45,2023-07-10 13:54:00,6.0,
2336998,2135328,615,2023-12-03 09:48:00,1,2023-09-04 09:12:55,2023-09-04 09:12:00,90.0,
2433343,2135328,620,2024-01-05 09:34:00,1,2023-10-30 11:49:38,2023-10-30 11:49:00,66.0,
2477283,2135328,668,2024-02-09 13:46:00,1,2024-01-26 12:14:10,2024-01-26 12:14:00,14.0,4.5
2785912,2135328,653,2024-06-05 20:52:00,1,2024-06-05 19:44:22,2024-06-05 19:44:00,0.0,
3244453,2135328,590,2024-11-29 19:49:00,2,2024-06-05 08:55:52-07:00,2024-11-07 08:55:00,22.0,4.5
3417663,2135328,697,2025-02-02 14:20:00,1,2025-01-23 07:33:29,2025-01-23 07:33:00,10.0,5.0
3620513,2135328,862,2025-05-11 00:02:00,1,2025-05-10 23:06:57,2025-05-10 23:06:00,0.0,
3621671,2135328,867,2025-05-12 00:00:00,1,2025-05-10 23:06:57,2025-05-10 23:06:00,1.0,
3648941,2135328,753,2025-05-30 08:12:00,1,2025-05-28 14:41:40,2025-05-28 14:41:00,1.0,
3659693,2135328,852,2025-06-06 21:07:00,1,2025-05-21 15:43:16,2025-05-21 15:43:00,16.0,
3666671,2135328,713,2025-06-13 10:26:00,1,2025-04-16 12:40:20,2025-04-16 12:40:00,57.0,5.0
3679571,2135328,708,2025-06-25 07:35:00,1,2025-02-24 15:08:20,2025-02-24 15:08:00,120.0,5.0
1110650,2395575,317,2022-08-14 00:14:00,1,2022-08-01 10:52:04,2022-08-01 10:52:00,12.0,
1110790,2395575,237,2022-08-14 01:51:00,1,2022-08-01 10:52:04,2022-08-01 10:52:00,12.0,
1117575,2395575,302,2022-08-15 20:22:00,1,2022-08-01 10:52:04,2022-08-01 10:52:00,14.0,
1156125,2395575,177,2022-08-31 00:56:00,1,2022-08-16 00:12:30,2022-08-16 00:12:00,15.0,
1179775,2395575,86,2022-09-06 00:43:00,1,2022-08-16 00:12:30,2022-08-16 00:12:00,21.0,
1185810,2395575,184,2022-09-11 00:56:00,1,2022-08-16 00:12:30,2022-08-16 00:12:00,26.0,5.0
1210690,2395575,185,2022-09-30 16:18:00,1,2022-08-16 00:12:30,2022-08-16 00:12:00,45.0,4.2
1279315,2395575,123,2022-10-26 12:47:00,1,2022-09-23 16:18:37,2022-09-23 16:18:00,32.0,5.0
1304885,2395575,319,2022-11-08 12:04:00,1,2022-08-16 00:12:30,2022-08-16 00:12:00,84.0,4.5
1309210,2395575,327,2022-11-10 23:02:00,1,2022-08-16 00:12:30,2022-08-16 00:12:00,86.0,
1317295,2395575,292,2022-11-15 12:08:00,1,2022-10-24 12:33:45,2022-10-24 12:33:00,21.0,
1356870,2395575,315,2022-12-12 10:17:00,1,2022-09-23 16:18:37,2022-09-23 16:18:00,79.0,4.0
1358155,2395575,313,2022-12-13 09:46:00,2,2022-11-10 11:51:06-11:00,2022-12-11 11:51:00,1.0,5.0
1360280,2395575,163,2022-12-14 14:50:00,1,2022-09-23 16:18:37,2022-09-23 16:18:00,81.0,3.0
1543280,2395575,570,2023-03-15 10:43:00,1,2023-03-08 10:31:26,2023-03-08 10:31:00,7.0,
1550775,2395575,80,2023-03-17 16:45:00,1,2023-01-23 12:48:03,2023-01-23 12:48:00,53.0,5.0
1593410,2395575,169,2023-04-03 15:38:00,1,2023-02-20 11:45:27,2023-02-20 11:45:00,42.0,
1593815,2395575,51,2023-04-03 20:31:00,1,2023-01-23 14:03:40,2023-01-23 14:03:00,70.0,3.0
1597405,2395575,251,2023-04-05 17:15:00,1,2022-10-11 13:49:21,2022-10-11 13:49:00,176.0,
1602265,2395575,256,2023-04-08 00:42:00,1,2022-10-11 13:49:21,2022-10-11 13:49:00,178.0,
1674980,2395575,335,2023-05-16 19:49:00,1,2023-01-28 12:51:31,2023-01-28 12:51:00,108.0,4.0
1745720,2395575,14,2023-06-22 16:31:00,1,2023-02-20 11:45:27,2023-02-20 11:45:00,122.0,4.0
1747550,2395575,352,2023-06-23 21:22:00,1,2023-02-20 11:45:27,2023-02-20 11:45:00,123.0,4.0
1747785,2395575,445,2023-06-24 05:52:00,1,2023-02-20 11:45:27,2023-02-20 11:45:00,123.0,5.0
1775080,2395575,60,2023-07-14 02:21:00,1,2023-07-09 20:44:19,2023-07-09 20:44:00,4.0,
1931728,2395575,600,2023-08-27 21:34:00,1,2023-08-01 15:15:23,2023-08-01 15:15:00,26.0,
2873298,2395575,337,2024-08-06 12:24:00,1,2024-08-06 11:34:02,2024-08-06 11:34:00,0.0,
2986523,2395575,615,2024-09-20 00:53:00,1,2024-09-20 00:09:05,2024-09-20 00:09:00,0.0,
2991038,2395575,653,2024-09-20 22:11:00,1,2024-09-20 00:09:05,2024-09-20 00:09:00,0.0,
3555462,2395575,555,2025-03-30 21:24:00,1,2024-09-20 00:09:05,2024-09-20 00:09:00,191.0,5.0
3610217,2395575,852,2025-05-03 09:31:00,1,2025-04-29 13:27:06,2025-04-29 13:27:00,3.0,
3627503,2395575,862,2025-05-16 15:24:00,1,2025-05-13 16:13:55,2025-05-13 16:13:00,2.0,
3628037,2395575,867,2025-05-16 20:42:00,1,2025-05-13 16:13:53,2025-05-13 16:13:00,3.0,
3629348,2395575,605,2025-05-17 15:35:00,1,2025-05-17 10:25:18,2025-05-17 10:25:00,0.0,
3629402,2395575,120,2025-05-17 16:09:00,1,2025-05-17 15:50:37,2025-05-17 15:50:00,0.0,
3646526,2395575,753,2025-05-28 16:56:00,1,2025-05-28 15:26:50,2025-05-28 15:26:00,0.0,
2532153,3557828,302,2024-02-19 21:21:00,1,2024-02-19 20:29:48,2024-02-19 20:29:00,0.0,
2538108,3557828,237,2024-02-20 20:48:00,1,2024-02-19 20:29:48,2024-02-19 20:29:00,1.0,
2549738,3557828,317,2024-02-23 10:07:00,1,2024-02-19 20:29:48,2024-02-19 20:29:00,3.0,
2562833,3557828,256,2024-02-27 21:23:00,1,2024-01-31 16:00:00,2024-01-31 16:00:00,27.0,5.0
2576243,3557828,123,2024-03-02 21:32:00,1,2023-10-31 13:11:26,2023-10-31 13:11:00,123.0,5.0
2603888,3557828,315,2024-03-09 12:36:00,1,2023-10-31 13:11:26,2023-10-31 13:11:00,129.0,4.0
2616198,3557828,292,2024-03-14 17:47:00,1,2024-02-19 20:29:48,2024-02-19 20:29:00,23.0,
2667342,3557828,163,2024-04-08 20:25:00,1,2024-02-19 20:29:48,2024-02-19 20:29:00,48.0,4.5
2672162,3557828,261,2024-04-13 13:54:00,1,2024-02-19 20:29:48,2024-02-19 20:29:00,53.0,4.0
2716472,3557828,169,2024-05-06 21:32:00,1,2024-04-17 13:55:38,2024-04-17 13:55:00,19.0,
2733667,3557828,60,2024-05-14 17:32:00,1,2024-04-17 13:58:07,2024-04-17 13:58:00,27.0,
2807367,3557828,219,2024-06-17 12:03:00,1,2024-02-19 20:29:48,2024-02-19 20:29:00,118.0,4.0
2863683,3557828,653,2024-07-25 12:22:00,1,2024-05-31 17:15:03,2024-05-31 17:15:00,54.0,
2863758,3557828,177,2024-07-25 13:57:00,1,2024-05-31 17:15:03,2024-05-31 17:15:00,54.0,
2866903,3557828,600,2024-07-29 10:39:00,1,2024-05-31 17:15:03,2024-05-31 17:15:00,58.0,
2894403,3557828,251,2024-08-23 17:37:00,1,2024-03-08 16:08:59,2024-03-08 16:08:00,168.0,
3004748,3557828,80,2024-09-23 15:28:00,1,2024-09-09 15:11:30,2024-09-09 15:11:00,14.0,4.0
3059623,3557828,51,2024-10-05 17:34:00,1,2024-09-09 15:11:30,2024-09-09 15:11:00,26.0,4.0
3145318,3557828,14,2024-11-01 05:34:00,1,2024-09-09 15:11:30,2024-09-09 15:11:00,52.0,4.0
3191283,3557828,663,2024-11-13 13:37:00,1,2024-09-09 15:11:30,2024-09-09 15:11:00,64.0,5.0
3253158,3557828,352,2024-12-03 09:37:00,1,2024-09-09 15:11:30,2024-09-09 15:11:00,84.0,4.5
3428838,3557828,445,2025-02-11 15:43:00,1,2025-01-20 20:01:57,2025-01-20 20:01:00,21.0,4.0
3466733,3557828,86,2025-02-17 21:18:00,1,2024-05-31 17:15:03,2024-05-31 17:15:00,262.0,
3505037,3557828,555,2025-02-27 10:36:00,1,2024-05-31 17:15:03,2024-05-31 17:15:00,271.0,4.0
3531402,3557828,184,2025-03-11 19:45:00,1,2025-02-07 20:01:27,2025-02-07 20:01:00,31.0,4.0
3567502,3557828,185,2025-04-12 07:04:00,1,2025-02-10 16:46:33,2025-02-10 16:46:00,60.0,4.0
3603462,3557828,852,2025-04-29 16:48:00,1,2025-04-29 13:26:53,2025-04-29 13:26:00,0.0,
3623783,3557828,382,2025-05-13 17:19:00,1,2025-04-28 16:40:02,2025-04-28 16:40:00,15.0,
3625304,3557828,862,2025-05-14 22:04:00,1,2025-05-08 08:05:25,2025-05-08 08:05:00,6.0,
3625841,3557828,867,2025-05-15 11:34:00,1,2025-05-08 10:35:49,2025-05-08 10:35:00,7.0,
3631148,3557828,319,2025-05-18 19:21:00,1,2025-02-10 16:46:33,2025-02-10 16:46:00,97.0,4.0
3650390,3557828,590,2025-05-31 00:04:00,1,2025-02-10 16:46:33,2025-02-10 16:46:00,109.0,4.5
3667628,3557828,753,2025-06-14 11:37:00,1,2025-05-28 15:59:47,2025-05-28 15:59:00,16.0,
3668780,3557828,713,2025-06-15 13:47:00,1,2025-04-16 17:39:20,2025-04-16 17:39:00,59.0,5.0
3740030,3557828,708,2025-09-05 17:05:00,1,2025-07-15 09:37:45,2025-07-15 09:37:00,52.0,5.0
3798941,3557828,403,2025-10-08 17:16:00,1,2025-08-08 14:57:33,2025-08-08 14:57:00,61.0,5.0
